{
  "resourceType" : "Bundle",
  "identifier" : {
    "system" : "urn:ietf:rfc:4122",
    "value" : "aa84f561-199b-4b1f-aa2f-97b662bd691e"
  },
  "type" : "document",
  "timestamp" : "2025-12-18T22:14:04.291837659Z",
  "entry" : [ {
    "resource" : {
      "date" : "2016-08-24T09:13:24Z",
      "encounter" : {
        "reference" : "urn:uuid:690487e1-3b05-37ea-c11f-fb3e15491628"
      },
      "section" : [ {
        "title" : "Plan of Treatment",
        "text" : {
          "div" : "<div xmlns='http://www.w3.org/1999/xhtml'>\n<table>\n<caption>\nPlanned Medications\n</caption>\n<colgroup>\n<col width='40%'>\n</col>\n<col width='20%'>\n</col>\n<col width='40%'>\n</col>\n</colgroup>\n<tbody>\n<tr id='_927b5195-b113-4789-bc29-8d9723f779bb'>\n<td>\nacetaminophen Tablet...\n \nGive 1 milliGRAM(s) Oral at bedtime\nPRN for High Fever\n</td>\n<td>\nStart: \n23-Jul-2015\n<br>\n</br>\nOrdered: \n29-Jul-2016\n<br>\n</br>\nSeven, Henry\n</td>\n<td>\nIntent\n<br>\n</br>\n<br>\n</br>\n</td>\n</tr>\n</tbody>\n</table>\n<table>\n<caption>\nPlanned Encounters\n</caption>\n<colgroup>\n<col width='40%'>\n</col>\n<col width='20%'>\n</col>\n<col width='40%'>\n</col>\n</colgroup>\n<tbody>\n<tr>\n<td>\nFollow up visit\n<br>\n</br>\n</td>\n<td>\nStart: \n29-Jul-2015 0:00\n<br>\n</br>\n</td>\n<td>\nIntent \n<br>\n</br>\n</td>\n</tr>\n</tbody>\n<tbody>\n<tr>\n<td>\nSchedule an appointment with Dr Seven after 1 week for Follow up with Outpatient facility\n<br>\n</br>\n</td>\n<td>\n</td>\n<td>\nIntent \n<br>\n</br>\n</td>\n</tr>\n</tbody>\n</table>\n<table>\n<caption>\nPlanned Observations\n</caption>\n<colgroup>\n<col width='40%'>\n</col>\n<col width='20%'>\n</col>\n<col width='40%'>\n</col>\n</colgroup>\n<tbody>\n<tr>\n<td>\nPlan Of Treatment Entries excluded/not available\n<br>\n</br>\n</td>\n<td>\n</td>\n<td>\n</td>\n</tr>\n</tbody>\n</table>\n</div>\n",
          "status" : "generated"
        },
        "entry" : [ {
          "reference" : "urn:uuid:a785947c-fd85-8561-3321-d7031e221373"
        }, {
          "reference" : "urn:uuid:c38688e5-af84-7f8b-2249-11cfb61e0cfb"
        }, {
          "reference" : "urn:uuid:4a3786a2-6309-bcf8-34f2-ca05aed02736"
        } ],
        "code" : {
          "coding" : [ {
            "code" : "18776-5",
            "display" : "18776-5",
            "system" : "http://loinc.org"
          } ]
        }
      }, {
        "title" : "Vital Signs",
        "text" : {
          "div" : "<div xmlns='http://www.w3.org/1999/xhtml'>\n<table>\n<colgroup>\n<col width='40%'>\n</col>\n<col width='20%'>\n</col>\n<col width='40%'>\n</col>\n</colgroup>\n<tbody>\n<tr>\n<td>\n22-Jul-2015\n</td>\n<td>\n</td>\n<td>\n</td>\n</tr>\n<tr>\n<td>\n</td>\n<td>\nBP Systolic 145 mm[Hg] \n</td>\n<td>\n</td>\n</tr>\n<tr>\n<td>\n</td>\n<td>\nBP Diastolic 88 mm[Hg] \n</td>\n<td>\n</td>\n</tr>\n<tr>\n<td>\n</td>\n<td>\nTemperature 99 f \n</td>\n<td>\n</td>\n</tr>\n<tr>\n<td>\n</td>\n<td>\nHeight 177 cm \n</td>\n<td>\n</td>\n</tr>\n<tr>\n<td>\n</td>\n<td>\nWeight 88 kg \n</td>\n<td>\n</td>\n</tr>\n</tbody>\n</table>\n</div>\n",
          "status" : "generated"
        },
        "extension" : [ {
          "valueBoolean" : false,
          "url" : "entries-required"
        } ],
        "entry" : [ {
          "reference" : "urn:uuid:432b8881-2e71-5cc1-66c9-dc044a70771f"
        }, {
          "reference" : "urn:uuid:b72fec20-a99f-4c69-927e-f126df78bd5d"
        }, {
          "reference" : "urn:uuid:9d65bfe4-4b0b-b9c0-1d3f-37784e5745a5"
        }, {
          "reference" : "urn:uuid:de03d0c3-d82e-35c2-e65e-9b0d7d983d19"
        }, {
          "reference" : "urn:uuid:8e153951-c8bd-320e-ee23-0289577839ba"
        } ],
        "code" : {
          "coding" : [ {
            "code" : "8716-3",
            "display" : "8716-3",
            "system" : "http://loinc.org"
          } ]
        }
      }, {
        "title" : "Results",
        "text" : {
          "div" : "<div xmlns='http://www.w3.org/1999/xhtml'>\n<table>\n<colgroup>\n<col width='20%'>\n</col>\n<col width='40%'>\n</col>\n<col width='40%'>\n</col>\n</colgroup>\n<tbody>\n<tr>\n<td>\nResults excluded/not available\n</td>\n<td>\n</td>\n<td>\n</td>\n</tr>\n</tbody>\n</table>\n</div>\n",
          "status" : "generated"
        },
        "extension" : [ {
          "valueBoolean" : false,
          "url" : "entries-required"
        } ],
        "entry" : [ {
          "reference" : "urn:uuid:78c727e8-79d4-ec7c-a87a-1c8fa761770e"
        } ],
        "code" : {
          "coding" : [ {
            "code" : "30954-2",
            "display" : "30954-2",
            "system" : "http://loinc.org"
          } ]
        }
      }, {
        "title" : "Payers",
        "text" : {
          "div" : "<div xmlns='http://www.w3.org/1999/xhtml'>\n<table>\n<caption>\nInsurance Providers\n</caption>\n<colgroup>\n<col width='40%'>\n</col>\n<col width='20%'>\n</col>\n<col width='40%'>\n</col>\n</colgroup>\n<tbody>\n<tr>\n<td>\nPayers excluded/not available\n<br>\n</br>\n</td>\n<td>\n</td>\n<td>\n</td>\n</tr>\n</tbody>\n</table>\n</div>\n",
          "status" : "generated"
        },
        "entry" : [ {
          "reference" : "urn:uuid:6daefc41-acd8-fea7-40b2-24cd5107af81"
        } ],
        "code" : {
          "coding" : [ {
            "code" : "48768-6",
            "display" : "48768-6",
            "system" : "http://loinc.org"
          } ]
        }
      }, {
        "title" : "Encounters",
        "text" : {
          "div" : "<div xmlns='http://www.w3.org/1999/xhtml'>\n<table>\n<colgroup>\n<col width='40%'>\n</col>\n<col width='20%'>\n</col>\n<col width='40%'>\n</col>\n</colgroup>\n<tbody>\n<tr>\n<td>\nInpatient\n<br>\n</br>\nEncounter Diagnosis: \nBurn of first degree of wrist and hand\n</td>\n<td>\n22-Jul-2015 18:00 \n To \n22-Jul-2015 23:00\n<br>\n</br>\nSeven, Henry\n<br>\n</br>\n</td>\n<td>\n</td>\n</tr>\n</tbody>\n</table>\n</div>\n",
          "status" : "generated"
        },
        "extension" : [ {
          "valueBoolean" : true,
          "url" : "entries-required"
        } ],
        "entry" : [ {
          "reference" : "urn:uuid:1ad051b1-2674-89ab-b280-a2f40a0dc4f4"
        } ],
        "code" : {
          "coding" : [ {
            "code" : "46240-8",
            "display" : "46240-8",
            "system" : "http://loinc.org"
          } ]
        }
      }, {
        "title" : "Hospital Discharge Instructions",
        "text" : {
          "div" : "<div xmlns='http://www.w3.org/1999/xhtml'>\n<caption>\n</caption>\nMedications:   In case of  fever,  take Tylenol as advised in plan of  treatment.\n<caption>\n</caption>\nAppointments:   Schedule an appointment with Dr Seven after  1 week. Follow up with Outpatient facility.\n</div>\n",
          "status" : "generated"
        },
        "code" : {
          "coding" : [ {
            "code" : "8653-8",
            "display" : "8653-8",
            "system" : "http://loinc.org"
          } ]
        }
      }, {
        "title" : "Immunizations",
        "text" : {
          "div" : "<div xmlns='http://www.w3.org/1999/xhtml'>\n<table>\n<colgroup>\n<col width='40%'>\n</col>\n<col width='20%'>\n</col>\n<col width='40%'>\n</col>\n</colgroup>\n<tbody>\n<tr id='_06ad39c8-6ed6-48e1-adb3-a335520147c2'>\n<td>\nImmunizations excluded/not available\n<br>\n</br>\n</td>\n<td>\n</td>\n<td>\n</td>\n</tr>\n</tbody>\n</table>\n</div>\n",
          "status" : "generated"
        },
        "extension" : [ {
          "valueBoolean" : false,
          "url" : "entries-required"
        } ],
        "entry" : [ {
          "reference" : "urn:uuid:ef238d34-db7e-aeb7-e4e7-43bdd935314c"
        } ],
        "code" : {
          "coding" : [ {
            "code" : "11369-6",
            "display" : "11369-6",
            "system" : "http://loinc.org"
          } ]
        }
      }, {
        "title" : "Family History",
        "text" : {
          "div" : "<div xmlns='http://www.w3.org/1999/xhtml'>\n<table>\n<caption>\nUnknown Family Member\n</caption>\n<colgroup>\n<col width='40%'>\n</col>\n<col width='20%'>\n</col>\n<col width='40%'>\n</col>\n</colgroup>\n<tbody>\n<tr>\n<td>\nFamily History excluded/not available\n</td>\n<td>\n</td>\n<td>\n</td>\n</tr>\n</tbody>\n</table>\n</div>\n",
          "status" : "generated"
        },
        "entry" : [ {
          "reference" : "urn:uuid:f2f8d526-d2f9-a858-b13d-bb06a11fc1a7"
        } ],
        "code" : {
          "coding" : [ {
            "code" : "10157-6",
            "display" : "10157-6",
            "system" : "http://loinc.org"
          } ]
        }
      }, {
        "title" : "Foreign Travel",
        "text" : {
          "div" : "<div xmlns='http://www.w3.org/1999/xhtml'>\n<caption>\n</caption>\nForeign Travel excluded/not available\n</div>\n",
          "status" : "generated"
        },
        "code" : {
          "coding" : [ {
            "code" : "10182-4",
            "display" : "10182-4",
            "system" : "http://loinc.org"
          } ]
        }
      }, {
        "title" : "Medications",
        "text" : {
          "div" : "<div xmlns='http://www.w3.org/1999/xhtml'>\n<table>\n<colgroup>\n<col width='40%'>\n</col>\n<col width='20%'>\n</col>\n<col width='40%'>\n</col>\n</colgroup>\n<tbody>\n<tr id='_c81b57e1-c5ca-4ab1-a707-f63035d8e838'>\n<td>\nNo Current Medications\n</td>\n<td>\n</td>\n<td>\n</td>\n</tr>\n</tbody>\n</table>\n</div>\n",
          "status" : "generated"
        },
        "extension" : [ {
          "valueBoolean" : false,
          "url" : "entries-required"
        } ],
        "entry" : [ {
          "reference" : "urn:uuid:fd0797f5-a0b8-2c8e-7d45-55e94573a532"
        } ],
        "code" : {
          "coding" : [ {
            "code" : "10160-0",
            "display" : "10160-0",
            "system" : "http://loinc.org"
          } ]
        }
      }, {
        "title" : "Assessments",
        "text" : {
          "div" : "<div xmlns='http://www.w3.org/1999/xhtml'>\n<caption>\n</caption>\nThe patient Mr John Wright was found to have first degree burns and Dr Seven and his staff treated Mr Wright by cleaning the burn and dressing the burn and observed for couple of hours before discharging Mr Wright\n</div>\n",
          "status" : "generated"
        },
        "code" : {
          "coding" : [ {
            "code" : "51848-0",
            "display" : "51848-0",
            "system" : "http://loinc.org"
          } ]
        }
      }, {
        "title" : "Nutrition",
        "text" : {
          "div" : "<div xmlns='http://www.w3.org/1999/xhtml'>\n<table>\n<colgroup>\n<col width='40%'>\n</col>\n<col width='20%'>\n</col>\n<col width='40%'>\n</col>\n</colgroup>\n<tbody>\n<tr>\n<td>\nNutrition Status: \n</td>\n<td>\n</td>\n<td>\n</td>\n</tr>\n<tr>\n<td>\nNutrition excluded/not available\n</td>\n<td>\n</td>\n<td>\n</td>\n</tr>\n</tbody>\n</table>\n</div>\n",
          "status" : "generated"
        },
        "entry" : [ {
          "reference" : "urn:uuid:cf32f0f2-1972-2f6c-fa92-5fb3987f30ec"
        } ],
        "code" : {
          "coding" : [ {
            "code" : "61144-2",
            "display" : "61144-2",
            "system" : "http://loinc.org"
          } ]
        }
      }, {
        "title" : "Allergies and Adverse Reactions",
        "text" : {
          "div" : "<div xmlns='http://www.w3.org/1999/xhtml'>\n<table>\n<colgroup>\n<col width='40%'>\n</col>\n<col width='20%'>\n</col>\n<col width='40%'>\n</col>\n</colgroup>\n<tbody>\n<tr>\n<td>\nNo Known Allergies\n</td>\n<td>\n</td>\n<td>\n</td>\n</tr>\n</tbody>\n</table>\n</div>\n",
          "status" : "generated"
        },
        "extension" : [ {
          "valueBoolean" : false,
          "url" : "entries-required"
        } ],
        "entry" : [ {
          "reference" : "urn:uuid:a1b1a8f0-b6e0-05e7-80d0-4ed8c565fdb6"
        } ],
        "code" : {
          "coding" : [ {
            "code" : "48765-2",
            "display" : "48765-2",
            "system" : "http://loinc.org"
          } ]
        }
      }, {
        "title" : "Mental Status",
        "text" : {
          "div" : "<div xmlns='http://www.w3.org/1999/xhtml'>\n<table>\n<colgroup>\n<col width='40%'>\n</col>\n<col width='20%'>\n</col>\n<col width='40%'>\n</col>\n</colgroup>\n<tbody>\n<tr>\n<td>\nMental Status excluded/not available\n</td>\n<td>\n</td>\n<td>\n</td>\n</tr>\n</tbody>\n</table>\n</div>\n",
          "status" : "generated"
        },
        "entry" : [ {
          "reference" : "urn:uuid:17b094ee-4008-5696-2185-aa6c8f8480cf"
        } ],
        "code" : {
          "coding" : [ {
            "code" : "10190-7",
            "display" : "10190-7",
            "system" : "http://loinc.org"
          } ]
        }
      }, {
        "title" : "Health Concerns",
        "text" : {
          "div" : "<div xmlns='http://www.w3.org/1999/xhtml'>\n<table>\n<caption>\nConcerns\n</caption>\n<colgroup>\n<col width='40%'>\n</col>\n<col width='20%'>\n</col>\n<col width='40%'>\n</col>\n</colgroup>\n<tbody>\n<tr>\n<td>\nHealth Concerns excluded/not available\n</td>\n<td>\n</td>\n<td>\n</td>\n</tr>\n</tbody>\n</table>\n</div>\n",
          "status" : "generated"
        },
        "entry" : [ {
          "reference" : "urn:uuid:afe42f50-93c1-868f-0b36-0da3a0434add"
        } ],
        "code" : {
          "coding" : [ {
            "code" : "75310-3",
            "display" : "75310-3",
            "system" : "http://loinc.org"
          } ]
        }
      }, {
        "title" : "Goals",
        "text" : {
          "div" : "<div xmlns='http://www.w3.org/1999/xhtml'>\n<table>\n<colgroup>\n<col width='40%'>\n</col>\n<col width='20%'>\n</col>\n<col width='40%'>\n</col>\n</colgroup>\n<tbody>\n<tr>\n<td>\nGoals excluded/not available\n</td>\n<td>\n</td>\n<td>\n</td>\n</tr>\n</tbody>\n</table>\n</div>\n",
          "status" : "generated"
        },
        "code" : {
          "coding" : [ {
            "code" : "61146-7",
            "display" : "61146-7",
            "system" : "http://loinc.org"
          } ]
        }
      }, {
        "title" : "Problems",
        "text" : {
          "div" : "<div xmlns='http://www.w3.org/1999/xhtml'>\n<table>\n<colgroup>\n<col width='40%'>\n</col>\n<col width='20%'>\n</col>\n<col width='40%'>\n</col>\n</colgroup>\n<tbody>\n<tr>\n<td>\nNo known problems\n(V49.89)\n<br>\n</br>\n</td>\n<td>\nOnset: \n8-Aug-2016\n<br>\n</br>\n</td>\n<td>\n</td>\n</tr>\n</tbody>\n<tbody>\n<tr>\n<td>\nUnlisted problem\n<br>\n</br>\n</td>\n<td>\nOnset: \n8-Aug-2016\n<br>\n</br>\n</td>\n<td>\n</td>\n</tr>\n</tbody>\n</table>\n</div>\n",
          "status" : "generated"
        },
        "extension" : [ {
          "valueBoolean" : false,
          "url" : "entries-required"
        } ],
        "entry" : [ {
          "reference" : "urn:uuid:11e52b14-42c3-ef5c-4cf3-b11d8d209069"
        }, {
          "reference" : "urn:uuid:fc552ede-0421-b339-0bc9-66591edf358f"
        } ],
        "code" : {
          "coding" : [ {
            "code" : "11450-4",
            "display" : "11450-4",
            "system" : "http://loinc.org"
          } ]
        }
      }, {
        "title" : "Advance Directives",
        "text" : {
          "div" : "<div xmlns='http://www.w3.org/1999/xhtml'>\n<table>\n<colgroup>\n<col width='40%'>\n</col>\n<col width='20%'>\n</col>\n<col width='40%'>\n</col>\n</colgroup>\n<tbody>\n<tr>\n<td>\nAdvance Directives excluded/not available\n</td>\n<td>\n</td>\n<td>\n</td>\n</tr>\n</tbody>\n</table>\n</div>\n",
          "status" : "generated"
        },
        "extension" : [ {
          "valueBoolean" : false,
          "url" : "entries-required"
        } ],
        "entry" : [ {
          "reference" : "urn:uuid:23a12c48-cb19-cc22-ec55-915f6f68e451"
        } ],
        "code" : {
          "coding" : [ {
            "code" : "42348-3",
            "display" : "42348-3",
            "system" : "http://loinc.org"
          } ]
        }
      }, {
        "title" : "Medical Equipment",
        "text" : {
          "div" : "<div xmlns='http://www.w3.org/1999/xhtml'>\n<table>\n<colgroup>\n<col width='40%'>\n</col>\n<col width='20%'>\n</col>\n<col width='40%'>\n</col>\n</colgroup>\n<tbody>\n<tr>\n<td>\nMedical Equipment excluded/not available\n</td>\n<td>\n</td>\n<td>\n</td>\n</tr>\n</tbody>\n</table>\n</div>\n",
          "status" : "generated"
        },
        "entry" : [ {
          "reference" : "urn:uuid:50f36191-accb-4cbf-962f-1a735a97f992"
        } ],
        "code" : {
          "coding" : [ {
            "code" : "46264-8",
            "display" : "46264-8",
            "system" : "http://loinc.org"
          } ]
        }
      }, {
        "title" : "Reason for Referral",
        "text" : {
          "div" : "<div xmlns='http://www.w3.org/1999/xhtml'>\nReason For Referral excluded/not available\n</div>\n",
          "status" : "generated"
        },
        "code" : {
          "coding" : [ {
            "code" : "42349-1",
            "display" : "42349-1",
            "system" : "http://loinc.org"
          } ]
        }
      }, {
        "title" : "Procedures",
        "text" : {
          "div" : "<div xmlns='http://www.w3.org/1999/xhtml'>\n<table>\n<colgroup>\n<col width='40%'>\n</col>\n<col width='20%'>\n</col>\n<col width='40%'>\n</col>\n</colgroup>\n<tbody>\n<tr>\n<td>\nApplication of dressing for burn\n</td>\n<td>\nDate: \n22-Jul-2015\n</td>\n<td>\n</td>\n</tr>\n</tbody>\n</table>\n</div>\n",
          "status" : "generated"
        },
        "extension" : [ {
          "valueBoolean" : false,
          "url" : "entries-required"
        } ],
        "entry" : [ {
          "reference" : "urn:uuid:f469dfe5-1a4f-3a69-63fe-b1b4a06e3137"
        } ],
        "code" : {
          "coding" : [ {
            "code" : "47519-4",
            "display" : "47519-4",
            "system" : "http://loinc.org"
          } ]
        }
      }, {
        "title" : "Social History",
        "text" : {
          "div" : "<div xmlns='http://www.w3.org/1999/xhtml'>\n<table>\n<caption>\nSmoking Status\n</caption>\n<colgroup>\n<col width='40%'>\n</col>\n<col width='20%'>\n</col>\n<col width='40%'>\n</col>\n</colgroup>\n<tbody>\n<tr>\n<td>\nCurrent every day smoker\n</td>\n<td>\nRecorded: 22-Jul-2015\n</td>\n<td>\n</td>\n</tr>\n</tbody>\n</table>\n<table>\n<caption>\nBirth Sex\n</caption>\n<tbody>\n<tr>\n<td>\nMale\n</td>\n</tr>\n</tbody>\n</table>\n</div>\n",
          "status" : "generated"
        },
        "entry" : [ {
          "reference" : "urn:uuid:0619a689-ceaf-1389-3bab-c37a0aae19e3"
        }, {
          "reference" : "urn:uuid:7850b43e-d8f9-e1ae-2db4-a377d7114c3c"
        } ],
        "code" : {
          "coding" : [ {
            "code" : "29762-2",
            "display" : "29762-2",
            "system" : "http://loinc.org"
          } ]
        }
      } ],
      "type" : {
        "coding" : [ {
          "code" : "34133-9",
          "display" : "34133-9",
          "system" : "http://loinc.org"
        } ]
      },
      "resourceType" : "Composition",
      "title" : "Continuity of Care Document",
      "author" : [ {
        "reference" : "urn:uuid:b1f7fa6a-19d7-2439-fed3-f3b23fa5880b"
      }, {
        "reference" : "urn:uuid:1571e1ef-fef8-a89e-1953-0835bec515ab"
      } ],
      "custodian" : {
        "reference" : "urn:uuid:a2ba9857-0999-ebec-3d7f-2a852619988a"
      },
      "status" : "final",
      "id" : "9a4bd04c-2e29-9fc6-12bd-f3dd3a4853ec",
      "identifier" : {
        "value" : "636076412048552470",
        "system" : "urn:oid:1.3.6.1.4.1.22812.11.2016.163.1"
      },
      "subject" : {
        "reference" : "urn:uuid:9f8231b9-aa93-0d4b-04a7-44e76a7a0a5b"
      }
    },
    "fullUrl" : "urn:uuid:61cc03ce-8087-14b1-3499-df3a37c28ca0"
  }, {
    "resource" : {
      "beneficiary" : {
        "reference" : "urn:uuid:9f8231b9-aa93-0d4b-04a7-44e76a7a0a5b"
      },
      "relationship" : {
        "coding" : [ {
          "system" : "http://terminology.hl7.org/CodeSystem/v3-NullFlavor",
          "code" : "UNK",
          "display" : "Unknown"
        } ],
        "text" : "Unknown"
      },
      "type" : {
        "coding" : [ {
          "system" : "http://terminology.hl7.org/CodeSystem/v3-NullFlavor",
          "code" : "UNK",
          "display" : "Unknown"
        } ],
        "text" : "Unknown"
      },
      "resourceType" : "Coverage",
      "subscriber" : {
        "reference" : "urn:uuid:c0075a89-ee73-6365-02c4-80fa2c32957d"
      },
      "payor" : [ {
        "reference" : "urn:uuid:271c198f-cf2f-2f8b-2c65-d8c666be86ea"
      } ],
      "status" : "active",
      "id" : "0501c7bf-e024-3506-9eca-40b1543c2834",
      "identifier" : [ {
        "type" : {
          "coding" : [ {
            "system" : "http://terminology.hl7.org/CodeSystem/v2-0203",
            "code" : "MB",
            "display" : "Member Number"
          } ]
        },
        "system" : "http://example.org/fhir/memberidentifier"
      } ]
    },
    "fullUrl" : "urn:uuid:6daefc41-acd8-fea7-40b2-24cd5107af81"
  }, {
    "resource" : {
      "resourceType" : "Procedure",
      "extension" : [ {
        "valueCode" : "procedure",
        "url" : "rim-class"
      } ],
      "status" : "in-progress",
      "id" : "26b2ff9e-9b02-fe28-3f27-a910af26318e",
      "recorder" : {
        "reference" : "urn:uuid:5bdfaeee-505f-be13-8fd9-b9c854784429"
      },
      "code" : {
        "text" : "Application of dressing for burn",
        "coding" : [ {
          "code" : "90660004",
          "display" : "90660004",
          "system" : "http://snomed.info/sct"
        } ]
      },
      "identifier" : [ {
        "value" : "1323400500",
        "system" : "urn:oid:1.3.6.1.4.1.22812.11.2016.163.4.7"
      } ],
      "performedPeriod" : {
        "start" : "2015-07-22"
      },
      "subject" : {
        "reference" : "urn:uuid:9f8231b9-aa93-0d4b-04a7-44e76a7a0a5b"
      }
    },
    "fullUrl" : "urn:uuid:f469dfe5-1a4f-3a69-63fe-b1b4a06e3137"
  }, {
    "resource" : {
      "category" : {
        "coding" : [ {
          "code" : "225299006",
          "display" : "Equipment-related procedure (procedure)",
          "system" : "http://snomed.info/sct"
        } ]
      },
      "resourceType" : "Procedure",
      "status" : "in-progress",
      "id" : "711632b0-d77a-c936-22c9-168bf36188b4",
      "subject" : {
        "reference" : "urn:uuid:9f8231b9-aa93-0d4b-04a7-44e76a7a0a5b"
      }
    },
    "fullUrl" : "urn:uuid:50f36191-accb-4cbf-962f-1a735a97f992"
  }, {
    "resource" : {
      "name" : "1 East-101-B S2V",
      "active" : true,
      "id" : "43577cb4-1fc4-3c61-656f-3bbaebb0971d",
      "resourceType" : "Organization"
    },
    "fullUrl" : "urn:uuid:04b90cb1-f03e-cf01-c6f4-c78ac7594dd1"
  }, {
    "resource" : {
      "active" : true,
      "id" : "810309ca-82a9-6230-e8e6-1f740466e8ec",
      "resourceType" : "Organization"
    },
    "fullUrl" : "urn:uuid:271c198f-cf2f-2f8b-2c65-d8c666be86ea"
  }, {
    "resource" : {
      "name" : "Community Health and Hospitals",
      "active" : true,
      "address" : [ {
        "line" : [ "1002 Healthcare Dr" ],
        "use" : "work",
        "city" : "Portland",
        "state" : "Oregon",
        "postalCode" : "97266"
      } ],
      "id" : "255f53b7-dbef-463b-d389-0446b373267c",
      "identifier" : [ {
        "value" : "163",
        "system" : "urn:oid:1.3.6.1.4.1.22812.11.2016.163"
      } ],
      "resourceType" : "Organization"
    },
    "fullUrl" : "urn:uuid:a2ba9857-0999-ebec-3d7f-2a852619988a"
  }, {
    "resource" : {
      "period" : {
        "start" : "2015-07-22T18:00:00Z",
        "end" : "2015-07-22T23:00:00Z"
      },
      "resourceType" : "Encounter",
      "status" : "finished",
      "class" : {
        "system" : "http://terminology.hl7.org/CodeSystem/v3-ActCode",
        "code" : "AMB",
        "display" : "AMB"
      },
      "id" : "66fbf518-f24b-7819-c7d6-072df459eb10",
      "participant" : [ {
        "individual" : {
          "reference" : "urn:uuid:1571e1ef-fef8-a89e-1953-0835bec515ab"
        }
      }, {
        "individual" : {
          "reference" : "urn:uuid:de291f3e-f195-355e-2871-c189682f47b4"
        }
      } ]
    },
    "fullUrl" : "urn:uuid:690487e1-3b05-37ea-c11f-fb3e15491628"
  }, {
    "resource" : {
      "type" : [ {
        "coding" : [ {
          "system" : "http://terminology.hl7.org/CodeSystem/v3-NullFlavor",
          "code" : "UNK",
          "display" : "Unknown"
        } ],
        "text" : "Unknown"
      } ],
      "resourceType" : "Encounter",
      "status" : "planned",
      "id" : "82b75f05-972c-397d-a287-73b8c5d139c5",
      "class" : {
        "code" : "AMB",
        "display" : "ambulatory",
        "system" : "http://terminology.hl7.org/ValueSet/v3-ActEncounterCode"
      },
      "identifier" : [ {
        "value" : "ARQ",
        "system" : "urn:oid:1.3.6.1.4.1.22812.11.2016.163.3.4"
      } ],
      "period" : {
        "start" : "2015-07-29T00:00:00Z",
        "end" : "0001-01-01T00:00:00Z"
      },
      "subject" : {
        "reference" : "urn:uuid:9f8231b9-aa93-0d4b-04a7-44e76a7a0a5b"
      }
    },
    "fullUrl" : "urn:uuid:a785947c-fd85-8561-3321-d7031e221373"
  }, {
    "resource" : {
      "type" : [ {
        "coding" : [ {
          "system" : "http://terminology.hl7.org/CodeSystem/v3-NullFlavor",
          "code" : "UNK",
          "display" : "Unknown"
        } ],
        "text" : "Unknown"
      } ],
      "resourceType" : "Encounter",
      "status" : "planned",
      "id" : "25f0c347-1618-2ba0-2fe4-57a9abfae610",
      "class" : {
        "code" : "AMB",
        "display" : "ambulatory",
        "system" : "http://terminology.hl7.org/ValueSet/v3-ActEncounterCode"
      },
      "identifier" : [ {
        "value" : "ARQ",
        "system" : "urn:oid:1.3.6.1.4.1.22812.11.2016.163.3.4"
      } ],
      "subject" : {
        "reference" : "urn:uuid:9f8231b9-aa93-0d4b-04a7-44e76a7a0a5b"
      }
    },
    "fullUrl" : "urn:uuid:4a3786a2-6309-bcf8-34f2-ca05aed02736"
  }, {
    "resource" : {
      "diagnosis" : [ {
        "condition" : {
          "reference" : "urn:uuid:68e07428-fd00-875b-7c27-df5cd9a42675"
        }
      } ],
      "type" : [ {
        "coding" : [ {
          "system" : "http://terminology.hl7.org/CodeSystem/v3-NullFlavor",
          "code" : "UNK",
          "display" : "Unknown"
        } ],
        "text" : "Unknown"
      } ],
      "participant" : [ {
        "individual" : {
          "reference" : "urn:uuid:1571e1ef-fef8-a89e-1953-0835bec515ab"
        },
        "type" : [ {
          "coding" : [ {
            "system" : "http://terminology.hl7.org/CodeSystem/v3-ParticipationType",
            "code" : "PPRF",
            "display" : "primary performer"
          } ]
        } ]
      } ],
      "resourceType" : "Encounter",
      "status" : "finished",
      "id" : "aa5fc5ec-d345-42d0-1e9f-2cf01c2a12d4",
      "class" : {
        "code" : "AMB",
        "display" : "ambulatory",
        "system" : "http://terminology.hl7.org/ValueSet/v3-ActEncounterCode"
      },
      "identifier" : [ {
        "value" : "1000005050",
        "system" : "urn:oid:1.3.6.1.4.1.22812.11.2016.163.3.4"
      } ],
      "period" : {
        "start" : "2015-07-22T18:00:00Z",
        "end" : "2015-07-22T23:00:00Z"
      },
      "location" : [ {
        "location" : {
          "reference" : "urn:uuid:02e3001e-5f9f-64e4-ef0a-059a25db04ed"
        }
      } ],
      "subject" : {
        "reference" : "urn:uuid:9f8231b9-aa93-0d4b-04a7-44e76a7a0a5b"
      }
    },
    "fullUrl" : "urn:uuid:1ad051b1-2674-89ab-b280-a2f40a0dc4f4"
  }, {
    "resource" : {
      "name" : "1 East-101-B S2V",
      "type" : [ {
        "coding" : [ {
          "code" : "1212-0",
          "display" : "1212-0",
          "system" : "http://terminology.hl7.org/CodeSystem/hsloc"
        } ]
      } ],
      "managingOrganization" : {
        "reference" : "urn:uuid:04b90cb1-f03e-cf01-c6f4-c78ac7594dd1"
      },
      "id" : "f9e39419-086e-5adf-10ab-c4bfc9b8f17c",
      "resourceType" : "Location"
    },
    "fullUrl" : "urn:uuid:02e3001e-5f9f-64e4-ef0a-059a25db04ed"
  }, {
    "resource" : {
      "resourceType" : "MedicationStatement",
      "medicationCodeableConcept" : {
        "text" : "No Current Medications",
        "coding" : [ {
          "code" : "410942007",
          "display" : "410942007",
          "system" : "http://snomed.info/sct"
        } ]
      },
      "id" : "6f83279e-5af2-80f1-08e1-a56c0a6dda31",
      "status" : "active",
      "dosage" : [ {
        "text" : "No Current Medications"
      } ],
      "subject" : {
        "reference" : "urn:uuid:9f8231b9-aa93-0d4b-04a7-44e76a7a0a5b"
      }
    },
    "fullUrl" : "urn:uuid:fd0797f5-a0b8-2c8e-7d45-55e94573a532"
  }, {
    "resource" : {
      "resourceType" : "MedicationStatement",
      "medicationCodeableConcept" : {
        "text" : "acetaminophen Tablet...",
        "coding" : [ {
          "code" : "198440",
          "display" : "198440",
          "system" : "http://www.nlm.nih.gov/research/umls/rxnorm"
        } ]
      },
      "id" : "dd1c8503-4c53-e7e9-b92e-d2c0bd306154",
      "status" : "intended",
      "dosage" : [ {
        "route" : {
          "coding" : [ {
            "code" : "C38288",
            "display" : "C38288",
            "system" : "http://ncithesaurus-stage.nci.nih.gov"
          } ]
        },
        "text" : "acetaminophen Tablet... \n\t\t\t\t\t\t\t\t\t\t\t  \nGive 1 milliGRAM(s) Oral at bedtime\nPRN for High Fever \n\t\t\t\t\t\t\t\t\t\t \n\t\t\t\t\t\t\t\t\t \n\t\t\t\t\t\t\t\t\t \n\t\t\t\t\t\t\t\t\t\t Start:  \n\t\t\t\t\t\t\t\t\t\t 23-Jul-2015 \n\t\t\t\t\t\t\t\t\t\t  \n\t\t\t\t\t\t\t\t\t\t Ordered:  \n\t\t\t\t\t\t\t\t\t\t 29-Jul-2016 \n\t\t\t\t\t\t\t\t\t\t  \n\t\t\t\t\t\t\t\t\t\t  \n\t\t\t\t\t\t\t\t\t\t Seven, Henry \n\t\t\t\t\t\t\t\t\t \n\t\t\t\t\t\t\t\t\t \n\t\t\t\t\t\t\t\t\t\t Intent",
        "doseAndRate" : [ {
          "doseQuantity" : {
            "unit" : "mg",
            "value" : 1.0
          }
        } ]
      } ],
      "effectivePeriod" : {
        "start" : "2015-07-23T00:00:00Z"
      },
      "informationSource" : {
        "reference" : "urn:uuid:5bdfaeee-505f-be13-8fd9-b9c854784429"
      },
      "subject" : {
        "reference" : "urn:uuid:9f8231b9-aa93-0d4b-04a7-44e76a7a0a5b"
      }
    },
    "fullUrl" : "urn:uuid:c38688e5-af84-7f8b-2249-11cfb61e0cfb"
  }, {
    "resource" : {
      "address" : [ {
        "line" : [ "1357 Amber Dr" ],
        "use" : "home",
        "city" : "Beaverton",
        "state" : "Oregon",
        "postalCode" : "97006",
        "country" : "US"
      } ],
      "managingOrganization" : {
        "reference" : "urn:uuid:a2ba9857-0999-ebec-3d7f-2a852619988a"
      },
      "name" : [ {
        "given" : [ "John", "R" ],
        "family" : "Wright",
        "use" : "official",
        "suffix" : [ "Jr" ]
      } ],
      "birthDate" : "1980-08-01",
      "resourceType" : "Patient",
      "extension" : [ {
        "valueCode" : "UNK",
        "url" : "http://hl7.org/fhir/us/core/StructureDefinition/us-core-birthsex"
      }, {
        "valueCode" : "248153007",
        "url" : "us-core-sex"
      }, {
        "valueCodeableConcept" : {
          "coding" : [ {
            "system" : "http://terminology.hl7.org/CodeSystem/v3-NullFlavor",
            "code" : "UNK",
            "display" : "Unknown"
          } ],
          "text" : "Unknown"
        },
        "url" : "us-core-gender-identity"
      } ],
      "communication" : [ {
        "language" : {
          "coding" : [ {
            "code" : "en",
            "display" : "en",
            "system" : "urn:oid:"
          } ]
        },
        "preferred" : true
      } ],
      "id" : "patient",
      "identifier" : [ {
        "value" : "103889",
        "system" : "urn:oid:1.3.6.1.4.1.22812.11.2016.163"
      } ],
      "telecom" : [ {
        "system" : "phone",
        "value" : "+1-(555)723-1544",
        "use" : "home"
      }, {
        "system" : "email",
        "value" : "jwrightfmh@gmail.com"
      }, {
        "system" : "phone",
        "value" : "+1-(555)777-1234",
        "use" : "mobile"
      } ],
      "gender" : "male",
      "maritalStatus" : {
        "coding" : [ {
          "code" : "UNK",
          "display" : "Unknown",
          "system" : "http://terminology.hl7.org/CodeSystem/v3-MaritalStatus"
        } ]
      },
      "contact" : [ {
        "name" : {
          "given" : [ "Matthew" ],
          "family" : "Wright",
          "use" : "official"
        },
        "relationship" : [ {
          "coding" : [ {
            "code" : "U",
            "display" : "Unknown",
            "system" : "http://terminology.hl7.org/CodeSystem/v2-0131"
          } ]
        } ]
      }, {
        "name" : {
          "given" : [ "Kathy" ],
          "family" : "Wright",
          "use" : "official"
        },
        "relationship" : [ {
          "coding" : [ {
            "code" : "U",
            "display" : "Unknown",
            "system" : "http://terminology.hl7.org/CodeSystem/v2-0131"
          } ]
        } ]
      } ]
    },
    "fullUrl" : "urn:uuid:9f8231b9-aa93-0d4b-04a7-44e76a7a0a5b"
  }, {
    "resource" : {
      "patient" : {
        "reference" : "urn:uuid:9f8231b9-aa93-0d4b-04a7-44e76a7a0a5b"
      },
      "criticality" : "unable-to-assess",
      "clinicalStatus" : {
        "coding" : [ {
          "code" : "active",
          "system" : "http://terminology.hl7.org/CodeSystem/allergyintolerance-clinical"
        } ]
      },
      "meta" : {
        "profile" : [ "http://hl7.org/fhir/us/core/StructureDefinition/us-core-allergyintolerance" ]
      },
      "resourceType" : "AllergyIntolerance",
      "extension" : [ {
        "valueCodeableConcept" : {
          "text" : "No Known Allergies",
          "coding" : [ {
            "code" : "419199007",
            "display" : "419199007",
            "system" : "http://snomed.info/sct"
          } ]
        },
        "url" : "http://onc.org/allergy-observation-value"
      } ],
      "id" : "61124ca7-06c4-8c88-9372-745be9ea75f0",
      "code" : {
        "coding" : [ {
          "system" : "http://snomed.info/sct",
          "code" : "716186003",
          "display" : "No Known Allergy (situation)"
        } ]
      },
      "verificationStatus" : "refuted"
    },
    "fullUrl" : "urn:uuid:a1b1a8f0-b6e0-05e7-80d0-4ed8c565fdb6"
  }, {
    "resource" : {
      "practitioner" : {
        "reference" : "urn:uuid:bb4592e9-7d1c-d1b6-53cd-a0e524e0dade"
      },
      "specialty" : [ {
        "coding" : [ {
          "code" : "200000000X",
          "display" : "200000000X",
          "system" : "http://hl7.org/fhir/ValueSet/provider-taxonomy"
        } ]
      } ],
      "id" : "e214e9d5-ab94-8e6a-d3c1-9ac49b546f21",
      "resourceType" : "PractitionerRole"
    },
    "fullUrl" : "urn:uuid:de291f3e-f195-355e-2871-c189682f47b4"
  }, {
    "resource" : {
      "practitioner" : {
        "reference" : "urn:uuid:5d28fa1c-d742-6654-ff7f-d009a4c41742"
      },
      "specialty" : [ {
        "coding" : [ {
          "code" : "200000000X",
          "display" : "200000000X",
          "system" : "http://hl7.org/fhir/ValueSet/provider-taxonomy"
        } ]
      } ],
      "id" : "b0a56ee4-07a5-e977-573f-a0c243249336",
      "resourceType" : "PractitionerRole",
      "period" : {
        "start" : "2016-08-24T09:13:24Z"
      }
    },
    "fullUrl" : "urn:uuid:1571e1ef-fef8-a89e-1953-0835bec515ab"
  }, {
    "resource" : {
      "practitioner" : {
        "reference" : "urn:uuid:946b67d8-89ef-a7f3-9315-cb9bc3861054"
      },
      "id" : "2977358e-3e42-3180-9106-8193956ba5c9",
      "resourceType" : "PractitionerRole",
      "period" : {
        "start" : "2016-08-17T22:36:06Z"
      }
    },
    "fullUrl" : "urn:uuid:5bdfaeee-505f-be13-8fd9-b9c854784429"
  }, {
    "resource" : {
      "practitioner" : {
        "reference" : "urn:uuid:b8fb4d07-4a50-c899-07cb-88e7a945e40a"
      },
      "id" : "7b903127-94e8-242e-0761-a184c6af36fa",
      "organization" : {
        "reference" : "urn:uuid:a2ba9857-0999-ebec-3d7f-2a852619988a"
      },
      "resourceType" : "PractitionerRole",
      "period" : {
        "start" : "2016-08-24T09:13:24Z"
      }
    },
    "fullUrl" : "urn:uuid:b1f7fa6a-19d7-2439-fed3-f3b23fa5880b"
  }, {
    "resource" : {
      "name" : [ {
        "given" : [ "Henry", "A." ],
        "family" : "Seven",
        "use" : "official"
      } ],
      "address" : [ {
        "line" : [ "Community Health and Hospitals", "1002 Healthcare Dr." ],
        "use" : "work",
        "city" : "Portland",
        "state" : "Oregon",
        "postalCode" : "97005-2187",
        "country" : "US"
      } ],
      "telecom" : [ {
        "system" : "email",
        "value" : "seven.henry@direct.medalliesdirect.com"
      }, {
        "system" : "phone",
        "value" : "+1-(555)555-1002",
        "use" : "work"
      } ],
      "qualification" : [ {
        "code" : {
          "coding" : [ {
            "code" : "200000000X",
            "display" : "200000000X",
            "system" : "http://hl7.org/fhir/ValueSet/provider-taxonomy"
          } ]
        }
      } ],
      "id" : "33e23c7b-6f24-1bcc-3d69-cf30fc81f3fa",
      "identifier" : [ {
        "value" : "117201190",
        "system" : "urn:oid:1.3.6.1.4.1.22812.11.2016.163"
      }, {
        "value" : "1768234506",
        "system" : "http://hl7.org/fhir/sid/us-npi"
      } ],
      "resourceType" : "Practitioner"
    },
    "fullUrl" : "urn:uuid:bb4592e9-7d1c-d1b6-53cd-a0e524e0dade"
  }, {
    "resource" : {
      "name" : [ {
        "given" : [ "Henry" ],
        "family" : "Seven",
        "use" : "official"
      }, {
        "given" : [ "Mary" ],
        "family" : "McDonald",
        "use" : "official"
      } ],
      "address" : [ {
        "line" : [ "Community Health and Hospitals", "1002 Healthcare Dr." ],
        "use" : "work",
        "city" : "Portland",
        "state" : "Oregon",
        "postalCode" : "97005-2187",
        "country" : "US"
      } ],
      "telecom" : [ {
        "system" : "phone",
        "value" : "+1-(555)555-1002",
        "use" : "work"
      } ],
      "qualification" : [ {
        "code" : {
          "coding" : [ {
            "code" : "200000000X",
            "display" : "200000000X",
            "system" : "http://hl7.org/fhir/ValueSet/provider-taxonomy"
          } ]
        }
      } ],
      "id" : "33f051b4-1bce-e53d-e4fe-c767c9937149",
      "identifier" : [ {
        "value" : "181301190",
        "system" : "urn:oid:1.3.6.1.4.1.22812.11.2016.163"
      }, {
        "value" : "1227417528",
        "system" : "http://hl7.org/fhir/sid/us-npi"
      } ],
      "resourceType" : "Practitioner"
    },
    "fullUrl" : "urn:uuid:5d28fa1c-d742-6654-ff7f-d009a4c41742"
  }, {
    "resource" : {
      "id" : "94bea7a6-02c2-4b22-c830-5f475c56d666",
      "resourceType" : "Practitioner"
    },
    "fullUrl" : "urn:uuid:946b67d8-89ef-a7f3-9315-cb9bc3861054"
  }, {
    "resource" : {
      "address" : [ {
        "line" : [ "1002 Healthcare Dr" ],
        "use" : "work",
        "city" : "Portland",
        "state" : "Oregon",
        "postalCode" : "97266"
      } ],
      "id" : "42edba9d-d44a-6877-3bbb-01d6c7711b86",
      "identifier" : [ {
        "value" : "163",
        "system" : "urn:oid:1.3.6.1.4.1.22812.11.2016.163.3.3"
      } ],
      "resourceType" : "Practitioner"
    },
    "fullUrl" : "urn:uuid:b8fb4d07-4a50-c899-07cb-88e7a945e40a"
  }, {
    "resource" : {
      "patient" : {
        "reference" : "urn:uuid:9f8231b9-aa93-0d4b-04a7-44e76a7a0a5b"
      },
      "meta" : {
        "profile" : [ "http://hl7.org/fhir/us/core/StructureDefinition/us-core-immunization" ]
      },
      "vaccineCode" : {
        "text" : "Immunizations excluded/not available",
        "coding" : [ {
          "code" : "410942007",
          "display" : "410942007",
          "system" : "http://snomed.info/sct"
        } ]
      },
      "resourceType" : "Immunization",
      "primarySource" : false,
      "status" : "completed",
      "id" : "56fadbdd-788d-6a0c-0d75-a9765606e2d5",
      "occurrenceString" : "unknown"
    },
    "fullUrl" : "urn:uuid:ef238d34-db7e-aeb7-e4e7-43bdd935314c"
  }, {
    "resource" : {
      "resourceType" : "List",
      "code" : {
        "coding" : [ {
          "code" : "75310-3",
          "display" : "Health Concerns Document",
          "system" : "http://loinc.org"
        } ]
      },
      "id" : "5f1ef3ff-fbe5-0e83-e5dc-36897c1cc652",
      "status" : "current",
      "mode" : "snapshot",
      "subject" : {
        "reference" : "urn:uuid:9f8231b9-aa93-0d4b-04a7-44e76a7a0a5b"
      }
    },
    "fullUrl" : "urn:uuid:afe42f50-93c1-868f-0b36-0da3a0434add"
  }, {
    "resource" : {
      "id" : "8628a01e-92db-6878-38d4-e73744b325df",
      "resourceType" : "RelatedPerson",
      "patient" : {
        "reference" : "urn:uuid:9f8231b9-aa93-0d4b-04a7-44e76a7a0a5b"
      },
      "name" : [ {
        "family" : "Payers excluded/not available",
        "use" : "official"
      } ]
    },
    "fullUrl" : "urn:uuid:c0075a89-ee73-6365-02c4-80fa2c32957d"
  }, {
    "resource" : {
      "category" : [ {
        "coding" : [ {
          "system" : "http://terminology.hl7.org/CodeSystem/condition-category",
          "code" : "problem-list-item",
          "display" : "Problem List Item"
        } ]
      } ],
      "clinicalStatus" : {
        "coding" : [ {
          "code" : "active",
          "system" : "http://terminology.hl7.org/CodeSystem/condition-clinical"
        } ]
      },
      "meta" : {
        "profile" : [ "http://hl7.org/fhir/us/core/StructureDefinition/us-core-condition-problems-health-concerns" ]
      },
      "resourceType" : "Condition",
      "extension" : [ {
        "valueDateTime" : "2016-08-17T22:36:06Z",
        "url" : "condition-assertedDate"
      } ],
      "recordedDate" : "2016-08-17T22:36:06Z",
      "id" : "c98e52e1-3aa8-c592-2ea2-0c10ffb82125",
      "recorder" : {
        "reference" : "urn:uuid:5bdfaeee-505f-be13-8fd9-b9c854784429"
      },
      "code" : {
        "text" : "No known problems",
        "coding" : [ {
          "code" : "160245001",
          "display" : "160245001",
          "system" : "http://snomed.info/sct"
        }, {
          "code" : "Z78.9",
          "display" : "Z78.9",
          "system" : "urn:oid:1.3.6.1.4.1.22812.18.9.2"
        }, {
          "code" : "V49.89",
          "display" : "V49.89",
          "system" : "urn:oid:2.16.840.1.113883.6.103"
        } ]
      },
      "identifier" : [ {
        "value" : "1329300500",
        "system" : "urn:oid:1.3.6.1.4.1.22812.11.2016.163.4.1"
      } ],
      "onsetDateTime" : "2016-08-08",
      "subject" : {
        "reference" : "urn:uuid:9f8231b9-aa93-0d4b-04a7-44e76a7a0a5b"
      }
    },
    "fullUrl" : "urn:uuid:11e52b14-42c3-ef5c-4cf3-b11d8d209069"
  }, {
    "resource" : {
      "category" : [ {
        "coding" : [ {
          "system" : "http://terminology.hl7.org/CodeSystem/condition-category",
          "code" : "problem-list-item",
          "display" : "Problem List Item"
        } ]
      } ],
      "clinicalStatus" : {
        "coding" : [ {
          "code" : "active",
          "system" : "http://terminology.hl7.org/CodeSystem/condition-clinical"
        } ]
      },
      "meta" : {
        "profile" : [ "http://hl7.org/fhir/us/core/StructureDefinition/us-core-condition-problems-health-concerns" ]
      },
      "resourceType" : "Condition",
      "extension" : [ {
        "valueDateTime" : "2016-08-19T10:16:12Z",
        "url" : "condition-assertedDate"
      } ],
      "recordedDate" : "2016-08-19T10:16:12Z",
      "id" : "95d35eb2-63ae-e709-d8b1-8fbc4b9bff59",
      "recorder" : {
        "reference" : "urn:uuid:5bdfaeee-505f-be13-8fd9-b9c854784429"
      },
      "code" : {
        "text" : "Unlisted problem",
        "coding" : [ {
          "code" : "55607006",
          "display" : "55607006",
          "system" : "http://snomed.info/sct"
        } ]
      },
      "identifier" : [ {
        "value" : "1580400500",
        "system" : "urn:oid:1.3.6.1.4.1.22812.11.2016.163.4.1"
      } ],
      "onsetDateTime" : "2016-08-08",
      "subject" : {
        "reference" : "urn:uuid:9f8231b9-aa93-0d4b-04a7-44e76a7a0a5b"
      }
    },
    "fullUrl" : "urn:uuid:fc552ede-0421-b339-0bc9-66591edf358f"
  }, {
    "resource" : {
      "category" : [ {
        "coding" : [ {
          "system" : "http://terminology.hl7.org/CodeSystem/condition-category",
          "code" : "encounter-diagnosis",
          "display" : "Encounter Diagnosis"
        } ]
      } ],
      "clinicalStatus" : {
        "coding" : [ {
          "code" : "active",
          "display" : "Active",
          "system" : "http://terminology.hl7.org/CodeSystem/condition-clinical"
        } ],
        "text" : "Active"
      },
      "resourceType" : "Condition",
      "extension" : [ {
        "valueDateTime" : "2016-07-27T15:53:12Z",
        "url" : "condition-assertedDate"
      } ],
      "recordedDate" : "2016-07-27T15:53:12Z",
      "id" : "0dbef5bb-ce95-0d28-b9a5-80c2759407ed",
      "recorder" : {
        "reference" : "urn:uuid:5bdfaeee-505f-be13-8fd9-b9c854784429"
      },
      "code" : {
        "text" : "Burn of first degree of wrist and hand",
        "coding" : [ {
          "code" : "T23.1",
          "display" : "T23.1",
          "system" : "http://hl7.org/fhir/sid/icd-10"
        } ]
      },
      "subject" : {
        "reference" : "urn:uuid:9f8231b9-aa93-0d4b-04a7-44e76a7a0a5b"
      }
    },
    "fullUrl" : "urn:uuid:68e07428-fd00-875b-7c27-df5cd9a42675"
  }, {
    "resource" : {
      "patient" : {
        "reference" : "urn:uuid:9f8231b9-aa93-0d4b-04a7-44e76a7a0a5b"
      },
      "resourceType" : "FamilyMemberHistory",
      "status" : "completed",
      "id" : "a39691ae-d5a1-6559-e1a4-770499617e9d"
    },
    "fullUrl" : "urn:uuid:f2f8d526-d2f9-a858-b13d-bb06a11fc1a7"
  }, {
    "resource" : {
      "category" : [ {
        "coding" : [ {
          "system" : "http://hl7.org/fhir/us/core/CodeSystem/us-core-category",
          "code" : "procedure",
          "display" : "Procedure"
        } ],
        "text" : "Procedure"
      } ],
      "valueString" : "Nutrition excluded/not available",
      "resourceType" : "Observation",
      "note" : [ {
        "text" : "Nutrition excluded/not available"
      } ],
      "status" : "final",
      "id" : "70de007f-e92d-52b9-341d-4b1f4eb9733b",
      "code" : {
        "coding" : [ {
          "code" : "75303-8",
          "display" : "75303-8",
          "system" : "http://loinc.org"
        } ]
      },
      "subject" : {
        "reference" : "urn:uuid:9f8231b9-aa93-0d4b-04a7-44e76a7a0a5b"
      }
    },
    "fullUrl" : "urn:uuid:e5b0f265-074d-3af8-a6ec-48ee35d78d13"
  }, {
    "resource" : {
      "category" : [ {
        "coding" : [ {
          "code" : "social-history",
          "display" : "Social History",
          "system" : "http://terminology.hl7.org/CodeSystem/observation-category"
        } ]
      } ],
      "valueCodeableConcept" : {
        "coding" : [ {
          "code" : "M",
          "display" : "M",
          "system" : "urn:oid:2.16.840.1.113883.5.1"
        } ]
      },
      "resourceType" : "Observation",
      "status" : "final",
      "id" : "a2ff9600-2e7d-94e6-cb45-3c45bf4ac566",
      "code" : {
        "coding" : [ {
          "code" : "76689-9",
          "display" : "76689-9",
          "system" : "http://loinc.org"
        } ]
      },
      "subject" : {
        "reference" : "urn:uuid:9f8231b9-aa93-0d4b-04a7-44e76a7a0a5b"
      }
    },
    "fullUrl" : "urn:uuid:7850b43e-d8f9-e1ae-2db4-a377d7114c3c"
  }, {
    "resource" : {
      "category" : [ {
        "coding" : [ {
          "code" : "vital-signs",
          "display" : "Vital Signs",
          "system" : "http://terminology.hl7.org/CodeSystem/observation-category"
        } ]
      } ],
      "valueQuantity" : {
        "value" : 99,
        "unit" : "[degF]"
      },
      "resourceType" : "Observation",
      "status" : "final",
      "effectiveDateTime" : "2015-07-22",
      "id" : "803247b1-0078-216e-4ad7-863b702a8efd",
      "code" : {
        "coding" : [ {
          "code" : "8310-5",
          "display" : "8310-5",
          "system" : "http://loinc.org"
        } ]
      },
      "subject" : {
        "reference" : "urn:uuid:9f8231b9-aa93-0d4b-04a7-44e76a7a0a5b"
      }
    },
    "fullUrl" : "urn:uuid:8e153951-c8bd-320e-ee23-0289577839ba"
  }, {
    "resource" : {
      "category" : [ {
        "coding" : [ {
          "system" : "http://hl7.org/fhir/us/core/CodeSystem/us-core-category",
          "code" : "procedure",
          "display" : "Procedure"
        } ],
        "text" : "Procedure"
      } ],
      "valueString" : "Mental Status excluded/not available",
      "resourceType" : "Observation",
      "status" : "final",
      "id" : "54141134-1b87-9be1-a6e9-891acb7c982d",
      "code" : {
        "coding" : [ {
          "code" : "373930000",
          "display" : "373930000",
          "system" : "http://snomed.info/sct"
        }, {
          "code" : "75275-8",
          "display" : "75275-8",
          "system" : "http://loinc.org"
        } ]
      },
      "subject" : {
        "reference" : "urn:uuid:9f8231b9-aa93-0d4b-04a7-44e76a7a0a5b"
      }
    },
    "fullUrl" : "urn:uuid:17b094ee-4008-5696-2185-aa6c8f8480cf"
  }, {
    "resource" : {
      "category" : [ {
        "coding" : [ {
          "code" : "laboratory",
          "display" : "Laboratory",
          "system" : "http://terminology.hl7.org/CodeSystem/observation-category"
        } ]
      } ],
      "resourceType" : "Observation",
      "status" : "final",
      "id" : "734394d3-b3f8-d811-b559-dc4803bcc000",
      "code" : {
        "coding" : [ {
          "system" : "http://terminology.hl7.org/CodeSystem/v3-NullFlavor",
          "code" : "UNK",
          "display" : "Unknown"
        } ],
        "text" : "Unknown"
      },
      "subject" : {
        "reference" : "urn:uuid:9f8231b9-aa93-0d4b-04a7-44e76a7a0a5b"
      }
    },
    "fullUrl" : "urn:uuid:78c727e8-79d4-ec7c-a87a-1c8fa761770e"
  }, {
    "resource" : {
      "category" : [ {
        "coding" : [ {
          "code" : "social-history",
          "display" : "Social History",
          "system" : "http://terminology.hl7.org/CodeSystem/observation-category"
        } ]
      } ],
      "valueCodeableConcept" : {
        "coding" : [ {
          "code" : "449868002",
          "display" : "449868002",
          "system" : "http://snomed.info/sct"
        } ]
      },
      "resourceType" : "Observation",
      "status" : "final",
      "effectiveDateTime" : "2015-07-22T00:00:00Z",
      "id" : "ab33a824-b5b1-d8fb-1ada-715ff559bf2f",
      "code" : {
        "coding" : [ {
          "code" : "72166-2",
          "display" : "72166-2",
          "system" : "http://loinc.org"
        } ]
      },
      "subject" : {
        "reference" : "urn:uuid:9f8231b9-aa93-0d4b-04a7-44e76a7a0a5b"
      }
    },
    "fullUrl" : "urn:uuid:0619a689-ceaf-1389-3bab-c37a0aae19e3"
  }, {
    "resource" : {
      "category" : [ {
        "coding" : [ {
          "system" : "http://hl7.org/fhir/us/core/CodeSystem/us-core-category",
          "code" : "procedure",
          "display" : "Procedure"
        } ],
        "text" : "Procedure"
      } ],
      "resourceType" : "Observation",
      "note" : [ {
        "text" : "Advance Directives excluded/not available"
      } ],
      "status" : "final",
      "id" : "f72af5ad-8c35-0d6f-0098-d83da1d60812",
      "code" : {
        "text" : "Advance Directives excluded/not available",
        "coding" : [ {
          "code" : "75320-2",
          "display" : "75320-2",
          "system" : "http://loinc.org"
        } ]
      },
      "subject" : {
        "reference" : "urn:uuid:9f8231b9-aa93-0d4b-04a7-44e76a7a0a5b"
      }
    },
    "fullUrl" : "urn:uuid:23a12c48-cb19-cc22-ec55-915f6f68e451"
  }, {
    "resource" : {
      "category" : [ {
        "coding" : [ {
          "code" : "vital-signs",
          "display" : "Vital Signs",
          "system" : "http://terminology.hl7.org/CodeSystem/observation-category"
        } ]
      } ],
      "valueQuantity" : {
        "value" : 88,
        "unit" : "mm[Hg]"
      },
      "resourceType" : "Observation",
      "status" : "final",
      "effectiveDateTime" : "2015-07-22",
      "id" : "0abbe7f4-770d-c7fd-9886-96af62c9d826",
      "code" : {
        "coding" : [ {
          "code" : "8462-4",
          "display" : "8462-4",
          "system" : "http://loinc.org"
        } ]
      },
      "subject" : {
        "reference" : "urn:uuid:9f8231b9-aa93-0d4b-04a7-44e76a7a0a5b"
      }
    },
    "fullUrl" : "urn:uuid:b72fec20-a99f-4c69-927e-f126df78bd5d"
  }, {
    "resource" : {
      "category" : [ {
        "coding" : [ {
          "system" : "http://hl7.org/fhir/us/core/CodeSystem/us-core-category",
          "code" : "procedure",
          "display" : "Procedure"
        } ],
        "text" : "Procedure"
      } ],
      "hasMember" : [ {
        "reference" : "urn:uuid:e5b0f265-074d-3af8-a6ec-48ee35d78d13"
      } ],
      "resourceType" : "Observation",
      "status" : "final",
      "id" : "e6e98510-ad73-0b74-d691-a347843bc7cc",
      "code" : {
        "coding" : [ {
          "code" : "75305-3",
          "display" : "75305-3",
          "system" : "http://loinc.org"
        } ]
      },
      "subject" : {
        "reference" : "urn:uuid:9f8231b9-aa93-0d4b-04a7-44e76a7a0a5b"
      }
    },
    "fullUrl" : "urn:uuid:cf32f0f2-1972-2f6c-fa92-5fb3987f30ec"
  }, {
    "resource" : {
      "category" : [ {
        "coding" : [ {
          "code" : "vital-signs",
          "display" : "Vital Signs",
          "system" : "http://terminology.hl7.org/CodeSystem/observation-category"
        } ]
      } ],
      "valueQuantity" : {
        "value" : 177,
        "unit" : "cm"
      },
      "resourceType" : "Observation",
      "status" : "final",
      "effectiveDateTime" : "2015-07-22",
      "id" : "bb9f8cce-65c9-6879-dc6f-7ec6587eec13",
      "code" : {
        "coding" : [ {
          "code" : "8302-2",
          "display" : "8302-2",
          "system" : "http://loinc.org"
        } ]
      },
      "subject" : {
        "reference" : "urn:uuid:9f8231b9-aa93-0d4b-04a7-44e76a7a0a5b"
      }
    },
    "fullUrl" : "urn:uuid:de03d0c3-d82e-35c2-e65e-9b0d7d983d19"
  }, {
    "resource" : {
      "category" : [ {
        "coding" : [ {
          "code" : "vital-signs",
          "display" : "Vital Signs",
          "system" : "http://terminology.hl7.org/CodeSystem/observation-category"
        } ]
      } ],
      "valueQuantity" : {
        "value" : 145,
        "unit" : "mm[Hg]"
      },
      "resourceType" : "Observation",
      "status" : "final",
      "effectiveDateTime" : "2016-07-08T07:39:00Z",
      "id" : "2782df69-8447-8b54-f687-757ce2965f5f",
      "code" : {
        "coding" : [ {
          "code" : "8480-6",
          "display" : "8480-6",
          "system" : "http://loinc.org"
        } ]
      },
      "subject" : {
        "reference" : "urn:uuid:9f8231b9-aa93-0d4b-04a7-44e76a7a0a5b"
      }
    },
    "fullUrl" : "urn:uuid:9d65bfe4-4b0b-b9c0-1d3f-37784e5745a5"
  }, {
    "resource" : {
      "category" : [ {
        "coding" : [ {
          "code" : "vital-signs",
          "display" : "Vital Signs",
          "system" : "http://terminology.hl7.org/CodeSystem/observation-category"
        } ]
      } ],
      "valueQuantity" : {
        "value" : 88,
        "unit" : "kg"
      },
      "resourceType" : "Observation",
      "status" : "final",
      "effectiveDateTime" : "2015-07-22",
      "id" : "017471b2-069a-7535-1e35-3303542d45f0",
      "code" : {
        "coding" : [ {
          "code" : "29463-7",
          "display" : "29463-7",
          "system" : "http://loinc.org"
        } ]
      },
      "subject" : {
        "reference" : "urn:uuid:9f8231b9-aa93-0d4b-04a7-44e76a7a0a5b"
      }
    },
    "fullUrl" : "urn:uuid:432b8881-2e71-5cc1-66c9-dc044a70771f"
  } ]
}