{
  "resourceType" : "DiagnosticReport",
  "id" : "cbc",
  "meta" : {
    "profile" : ["http://hl7.org/fhir/us/core/StructureDefinition/us-core-diagnosticreport-lab"]
  },
  "text" : {
    "status" : "generated",
    "div" : "<div xmlns=\"http://www.w3.org/1999/xhtml\"><h2><span title=\"Codes: {http://loinc.org 58410-2}\">CBC panel - Blood by Automated count</span> (<span title=\"Codes: {http://terminology.hl7.org/CodeSystem/v2-0074 LAB}\">Laboratory</span>) </h2><table class=\"grid\"><tr><td>Subject</td><td><b>Amy V. Baxter </b> female, DoB: 1987-02-20 ( Medical Record Number:\u00a01032702\u00a0(use:\u00a0USUAL))</td></tr><tr><td>When For</td><td>2005-07-05</td></tr><tr><td>Reported</td><td>2005-07-06 11:45:33+1100</td></tr></table><p><b>Report Details</b></p><table class=\"grid\"><tr><td><b>Code</b></td><td><b>Value</b></td><td><b>Reference Range</b></td><td><b>When For</b></td></tr><tr><td><a href=\"Observation-cbc-leukocytes.html\"><span title=\"Codes: {http://loinc.org 6690-2}\">WBCs</span></a></td><td>10 10*3/uL</td><td><span title=\"Codes: {http://terminology.hl7.org/CodeSystem/referencerange-meaning normal}\">Normal Range</span>: 4.5 10*3/uL - 11 10*3/uL</td><td>2005-07-05</td></tr><tr><td><a href=\"Observation-cbc-erythrocytes.html\"><span title=\"Codes: {http://loinc.org 789-8}\">Erythrocytes</span></a></td><td>4.58 10*6/uL</td><td><span title=\"Codes: {http://terminology.hl7.org/CodeSystem/referencerange-meaning normal}\">Normal Range</span>: 4.1 10*6/uL - 6.1 10*6/uL</td><td>2005-07-05</td></tr><tr><td><a href=\"Observation-cbc-hemoglobin.html\"><span title=\"Codes: {http://loinc.org 718-7}\">Hemoglobin</span></a></td><td>17 g/dL</td><td><span title=\"Codes: {http://terminology.hl7.org/CodeSystem/referencerange-meaning normal}\">Normal Range</span>: 16.5 g/dL - 21.5 g/dL</td><td>2005-07-05</td></tr><tr><td><a href=\"Observation-cbc-hematocrit.html\"><span title=\"Codes: {http://loinc.org 4544-3}\">Hematocrit</span></a></td><td>43 %</td><td><span title=\"Codes: {http://terminology.hl7.org/CodeSystem/referencerange-meaning normal}\">Normal Range</span>: 46 % - 38 %</td><td>2005-07-05</td></tr><tr><td><a href=\"Observation-cbc-mcv.html\"><span title=\"Codes: {http://loinc.org 787-2}\">MCV</span></a></td><td>85 fL</td><td><span title=\"Codes: {http://terminology.hl7.org/CodeSystem/referencerange-meaning normal}\">Normal Range</span>: 87.3 fL - 82.4 fL</td><td>2005-07-05</td></tr><tr><td><a href=\"Observation-cbc-mch.html\"><span title=\"Codes: {http://loinc.org 785-6}\">MCH</span></a></td><td>30 pg</td><td><span title=\"Codes: {http://terminology.hl7.org/CodeSystem/referencerange-meaning normal}\">Normal Range</span>: 33.2 pg - 27.5 pg</td><td>2005-07-05</td></tr><tr><td><a href=\"Observation-cbc-mchc.html\"><span title=\"Codes: {http://loinc.org 786-4}\">MCHC</span></a></td><td>34.7 g/dL</td><td><span title=\"Codes: {http://terminology.hl7.org/CodeSystem/referencerange-meaning normal}\">Normal Range</span>: 30 g/dL - 34 g/dL</td><td>2005-07-05</td></tr><tr><td><a href=\"Observation-cbc-platelets.html\"><span title=\"Codes: {http://loinc.org 777-3}\">Platelets</span></a></td><td>200 10*3/uL</td><td><span title=\"Codes: {http://terminology.hl7.org/CodeSystem/referencerange-meaning normal}\">Normal Range</span>: 150 10*3/uL - 450 10*3/uL</td><td>2005-07-05</td></tr></table></div>"
  },
  "status" : "final",
  "category" : [{
    "coding" : [{
      "system" : "http://terminology.hl7.org/CodeSystem/v2-0074",
      "code" : "LAB",
      "display" : "Laboratory"
    }]
  }],
  "code" : {
    "coding" : [{
      "system" : "http://loinc.org",
      "code" : "58410-2",
      "display" : "CBC panel - Blood by Automated count"
    }]
  },
  "subject" : {
    "reference" : "Patient/example",
    "display" : "Amy Shaw"
  },
  "effectiveDateTime" : "2005-07-05",
  "issued" : "2005-07-06T11:45:33+11:00",
  "performer" : [{
    "reference" : "Organization/acme-lab",
    "display" : "Acme Laboratory, Inc"
  }],
  "result" : [{
    "reference" : "Observation/cbc-leukocytes",
    "display" : "LEUKOCYTES"
  },
  {
    "reference" : "Observation/cbc-erythrocytes",
    "display" : "ERYTHROCYTES"
  },
  {
    "reference" : "Observation/cbc-hemoglobin",
    "display" : "HEMOGLOBIN"
  },
  {
    "reference" : "Observation/cbc-hematocrit",
    "display" : "HEMATOCRIT"
  },
  {
    "reference" : "Observation/cbc-mcv",
    "display" : "MCV"
  },
  {
    "reference" : "Observation/cbc-mch",
    "display" : "MCH"
  },
  {
    "reference" : "Observation/cbc-mchc",
    "display" : "MCHC"
  },
  {
    "reference" : "Observation/cbc-platelets",
    "display" : "PLATELETS"
  }]
}