{
  "resourceType": "DocumentReference",
  "id": "docref-procedures",
  "status": "current",
  "type": {
    "coding": [
      {
        "system": "http://loinc.org",
        "code": "28570-0",
        "display": "Procedure note"
      }
    ]
  },
  "subject": {
    "reference": "Patient/example"
  },
  "date": "2025-09-14T10:00:00+05:30",
  "content": [
    {
      "attachment": {
        "contentType": "application/pdf",
        "url": "http://couchbase.org/fhir/DocumentReference/docref-procedures-content",
        "title": "Procedures Note for Example Patient"
      }
    }
  ],
  "custodian": {
    "reference": "Organization/acme-payer",
    "display": "Acme Health Plan"
  }
}