{
  "resourceType": "DocumentReference",
  "id": "docref-consultation",
  "status": "current",
  "type": {
    "coding": [
      {
        "system": "http://loinc.org",
        "code": "11488-4",
        "display": "Consult note"
      }
    ]
  },
  "subject": {
    "reference": "Patient/example"
  },
  "date": "2025-09-14T10:00:00+05:30",
  "content": [
    {
      "attachment": {
        "contentType": "application/pdf",
        "url": "http://couchbase.org/fhir/DocumentReference/docref-consultation-content",
        "title": "Consultation Note for Example Patient"
      }
    }
  ],
  "custodian": {
    "reference": "Organization/acme-payer",
    "display": "Acme Health Plan"
  }
}