{
  "resourceType" : "DocumentReference",
  "id" : "episode-summary",
  "meta" : {
    "profile" : ["http://hl7.org/fhir/us/core/StructureDefinition/us-core-documentreference"]
  },
  "text" : {
    "status" : "generated",
    "div" : "<div xmlns=\"http://www.w3.org/1999/xhtml\"><p><b>Generated Narrative: DocumentReference</b><a name=\"episode-summary\"> </a></p><div style=\"display: inline-block; background-color: #d9e0e7; padding: 6px; margin: 4px; border: 1px solid #8da1b4; border-radius: 5px; line-height: 60%\"><p style=\"margin-bottom: 0px\">Resource DocumentReference &quot;episode-summary&quot; </p><p style=\"margin-bottom: 0px\">Profile: <a href=\"StructureDefinition-us-core-documentreference.html\">US Core DocumentReference Profile</a></p></div><p><b>identifier</b>: id:\u00a0urn:oid:2.16.840.1.113883.19.5.99999.1</p><p><b>status</b>: current</p><p><b>type</b>: CCD Document <span style=\"background: LightGoldenRodYellow; margin: 4px; border: 1px solid khaki\"> (<a href=\"https://loinc.org/\">LOINC</a>#34133-9 &quot;Summary of episode note&quot;)</span></p><p><b>category</b>: Clinical Note <span style=\"background: LightGoldenRodYellow; margin: 4px; border: 1px solid khaki\"> (<a href=\"CodeSystem-us-core-documentreference-category.html\">US Core DocumentReferences Category Codes</a>#clinical-note)</span></p><p><b>subject</b>: <a href=\"Patient-example.html\">Patient/example: Amy Shaw</a> &quot; SHAW&quot;</p><p><b>date</b>: Mar 9, 2016, 3:29:46 PM</p><p><b>author</b>: <a href=\"Practitioner-practitioner-1.html\">Practitioner/practitioner-1: Ronald Bone, MD</a> &quot; BONE&quot;</p><p><b>description</b>: Pulmonology clinic acute visit</p><blockquote><p><b>content</b></p><h3>Attachments</h3><table class=\"grid\"><tr><td>-</td><td><b>ContentType</b></td><td><b>Url</b></td><td><b>Title</b></td></tr><tr><td>*</td><td>text/plain</td><td><code>/Binary/1-note</code></td><td>Uri where the data can be found: [base]/Binary/1-note</td></tr></table><p><b>format</b>: For documents following C-CDA 2.1 constraints using a structured body. (Details: http://ihe.net/fhir/ihe.formatcode.fhir/CodeSystem/formatcode code urn:hl7-org:sdwg:ccda-structuredBody:2.1 = 'For documents following C-CDA 2.1 constraints using a structured body.', stated as 'For documents following C-CDA 2.1 constraints using a structured body.')</p></blockquote><h3>Contexts</h3><table class=\"grid\"><tr><td>-</td><td><b>Period</b></td></tr><tr><td>*</td><td>2004-12-23 08:00:00+1100 --&gt; 2004-12-23 08:01:00+1100</td></tr></table></div>"
  },
  "identifier" : [{
    "system" : "urn:ietf:rfc:3986",
    "value" : "urn:oid:2.16.840.1.113883.19.5.99999.1"
  }],
  "status" : "current",
  "type" : {
    "coding" : [{
      "system" : "http://loinc.org",
      "code" : "34133-9",
      "display" : "Summary of episode note"
    }],
    "text" : "CCD Document"
  },
  "category" : [{
    "coding" : [{
      "system" : "http://hl7.org/fhir/us/core/CodeSystem/us-core-documentreference-category",
      "code" : "clinical-note",
      "display" : "Clinical Note"
    }],
    "text" : "Clinical Note"
  }],
  "subject" : {
    "reference" : "Patient/example",
    "display" : "Amy Shaw"
  },
  "date" : "2016-03-09T15:29:46Z",
  "author" : [{
    "reference" : "Practitioner/practitioner-1",
    "display" : "Ronald Bone, MD"
  }],
  "description" : "Pulmonology clinic acute visit",
  "content" : [{
    "attachment" : {
      "contentType" : "text/plain",
      "url" : "/Binary/1-note",
      "title" : "Uri where the data can be found: [base]/Binary/1-note"
    },
    "format" : {
      "system" : "http://ihe.net/fhir/ihe.formatcode.fhir/CodeSystem/formatcode",
      "code" : "urn:hl7-org:sdwg:ccda-structuredBody:2.1",
      "display" : "For documents following C-CDA 2.1 constraints using a structured body."
    }
  }],
  "context" : {
    "period" : {
      "start" : "2004-12-23T08:00:00+11:00",
      "end" : "2004-12-23T08:01:00+11:00"
    }
  },
  "custodian": {
    "reference": "Organization/acme-payer",
    "display": "Acme Health Plan"
  }
}