{
  "resourceType": "DocumentReference",
  "id": "episode-summary",
  "meta": {
    "versionId": "1",
    "lastUpdated": "2025-09-12T11:06:33.441+05:30",
    "profile": [
      "http://hl7.org/fhir/us/core/StructureDefinition/us-core-documentreference"
    ],
    "tag": [
      {
        "system": "http://couchbase.fhir.com/fhir/custom-tags",
        "code": "created-by",
        "display": "user:anonymous"
      }
    ]
  },
  "identifier": [
    {
      "system": "urn:ietf:rfc:3986",
      "value": "urn:oid:2.16.840.1.113883.19.5.99999.1"
    }
  ],
  "status": "current",
  "type": {
    "coding": [
      {
        "system": "http://loinc.org",
        "code": "34133-9",
        "display": "Summary of episode note"
      }
    ],
    "text": "CCD Document"
  },
  "category": [
    {
      "coding": [
        {
          "system": "http://hl7.org/fhir/us/core/CodeSystem/us-core-documentreference-category",
          "code": "clinical-note",
          "display": "Clinical Note"
        }
      ],
      "text": "Clinical Note"
    }
  ],
  "subject": {
    "reference": "Patient/example",
    "display": "Amy Shaw"
  },
  "date": "2016-03-09T15:29:46Z",
  "author": [
    {
      "reference": "Practitioner/practitioner-1",
      "display": "Ronald Bone, MD"
    }
  ],
  "description": "Pulmonology clinic acute visit",
  "content": [
    {
      "attachment": {
        "contentType": "text/plain",
        "url": "/Binary/1-note",
        "title": "Uri where the data can be found: [base]/Binary/1-note"
      },
      "format": {
        "system": "http://ihe.net/fhir/ihe.formatcode.fhir/CodeSystem/formatcode",
        "code": "urn:hl7-org:sdwg:ccda-structuredBody:2.1",
        "display": "For documents following C-CDA 2.1 constraints using a structured body."
      }
    }
  ],
  "context": {
    "encounter": {
      "reference": "Encounter/delivery"
    },
    "period": {
      "start": "2004-12-23T08:00:00+11:00",
      "end": "2004-12-23T08:01:00+11:00"
    }
  }
}