{
  "resourceType" : "Observation",
  "id" : "respiratory-rate",
  "meta" : {
    "profile" : ["http://hl7.org/fhir/us/core/StructureDefinition/us-core-respiratory-rate"]
  },
  "text" : {
    "status" : "generated",
    "div" : "<div xmlns=\"http://www.w3.org/1999/xhtml\"><p><b>Generated Narrative: Observation</b><a name=\"respiratory-rate\"> </a></p><div style=\"display: inline-block; background-color: #d9e0e7; padding: 6px; margin: 4px; border: 1px solid #8da1b4; border-radius: 5px; line-height: 60%\"><p style=\"margin-bottom: 0px\">Resource Observation &quot;respiratory-rate&quot; </p><p style=\"margin-bottom: 0px\">Profile: <a href=\"StructureDefinition-us-core-respiratory-rate.html\">US Core Respiratory Rate Profile</a></p></div><p><b>status</b>: final</p><p><b>category</b>: Vital Signs <span style=\"background: LightGoldenRodYellow; margin: 4px; border: 1px solid khaki\"> (<a href=\"http://terminology.hl7.org/5.0.0/CodeSystem-observation-category.html\">Observation Category Codes</a>#vital-signs)</span></p><p><b>code</b>: respiratory_rate <span style=\"background: LightGoldenRodYellow; margin: 4px; border: 1px solid khaki\"> (<a href=\"https://loinc.org/\">LOINC</a>#9279-1 &quot;Respiratory rate&quot;)</span></p><p><b>subject</b>: <a href=\"Patient-example.html\">Patient/example: Amy Shaw</a> &quot; SHAW&quot;</p><p><b>encounter</b>: <span>: GP Visit</span></p><p><b>effective</b>: 1999-07-02</p><p><b>value</b>: 26 breaths per minute<span style=\"background: LightGoldenRodYellow\"> (Details: UCUM code /min = '/min')</span></p></div>"
  },
  "status" : "final",
  "category" : [{
    "coding" : [{
      "system" : "http://terminology.hl7.org/CodeSystem/observation-category",
      "code" : "vital-signs",
      "display" : "Vital Signs"
    }],
    "text" : "Vital Signs"
  }],
  "code" : {
    "coding" : [{
      "system" : "http://loinc.org",
      "code" : "9279-1",
      "display" : "Respiratory rate"
    }],
    "text" : "respiratory_rate"
  },
  "subject" : {
    "reference" : "Patient/example",
    "display" : "Amy Shaw"
  },
  "encounter" : {
    "display" : "GP Visit"
  },
  "effectiveDateTime" : "1999-07-02",
  "valueQuantity" : {
    "value" : 26,
    "unit" : "breaths per minute",
    "system" : "http://unitsofmeasure.org",
    "code" : "/min"
  }
}