{
  "resourceType" : "Observation",
  "id" : "simple-observation-disability-status",
  "meta" : {
    "profile" : ["http://hl7.org/fhir/us/core/StructureDefinition/us-core-simple-observation"]
  },
  "text" : {
    "status" : "generated",
    "div" : "<div xmlns=\"http://www.w3.org/1999/xhtml\"><p><b>Generated Narrative: Observation</b><a name=\"simple-observation-disability-status\"> </a></p><div style=\"display: inline-block; background-color: #d9e0e7; padding: 6px; margin: 4px; border: 1px solid #8da1b4; border-radius: 5px; line-height: 60%\"><p style=\"margin-bottom: 0px\">Resource Observation &quot;simple-observation-disability-status&quot; </p><p style=\"margin-bottom: 0px\">Profile: <a href=\"StructureDefinition-us-core-simple-observation.html\">US Core Simple Observation Profile</a></p></div><p><b>status</b>: final</p><p><b>category</b>: Disability Status <span style=\"background: LightGoldenRodYellow; margin: 4px; border: 1px solid khaki\"> (<a href=\"CodeSystem-us-core-category.html\">US Core Category</a>#disability-status)</span></p><p><b>code</b>: Depression severity <span style=\"background: LightGoldenRodYellow; margin: 4px; border: 1px solid khaki\"> (<a href=\"https://loinc.org/\">LOINC</a>#94023-9)</span></p><p><b>subject</b>: <a href=\"Patient-example.html\">Patient/example</a> &quot; SHAW&quot;</p><p><b>effective</b>: 2022-11-27 19:22:02+0000</p><p><b>performer</b>: <a href=\"Practitioner-practitioner-1.html\">Practitioner/practitioner-1</a> &quot; BONE&quot;</p><p><b>value</b>: Moderate <span style=\"background: LightGoldenRodYellow; margin: 4px; border: 1px solid khaki\"> (<a href=\"https://loinc.org/\">LOINC</a>#LA6751-7)</span></p><p><b>derivedFrom</b>: <a href=\"Observation-PHQ9-panel-example-44249-1.html\">Observation/PHQ9-panel-example-44249-1</a></p></div>"
  },
  "status" : "final",
  "category" : [{
    "coding" : [{
      "system" : "http://hl7.org/fhir/us/core/CodeSystem/us-core-category",
      "code" : "disability-status",
      "display" : "Disability Status"
    }]
  }],
  "code" : {
    "coding" : [{
      "system" : "http://loinc.org",
      "code" : "94023-9",
      "display" : "Depression severity"
    }]
  },
  "subject" : {
    "reference" : "Patient/example"
  },
  "effectiveDateTime" : "2022-11-27T19:22:02Z",
  "performer" : [{
    "reference" : "Practitioner/practitioner-1"
  }],
  "valueCodeableConcept" : {
    "coding" : [{
      "system" : "http://loinc.org",
      "code" : "LA6751-7",
      "display" : "Moderate"
    }],
    "text" : "Moderate"
  },
  "derivedFrom" : [{
    "reference" : "Observation/PHQ9-panel-example-44249-1"
  }]
}