{
  "resourceType": "Observation",
  "id": "narrative-screening",
  "meta": {
    "profile": ["http://hl7.org/fhir/us/core/StructureDefinition/us-core-observation-screening-assessment"]
  },
  "status": "final",
  "category": [
    { "coding": [{ "system": "http://terminology.hl7.org/CodeSystem/observation-category", "code": "survey" }] }
  ],
  "code": {
    "coding": [
      { "system": "http://loinc.org", "code": "75323-6", "display": "Condition" }
    ],
    "text": "Condition"
  },
  "subject": { "reference": "Patient/example" },
  "effectiveDateTime": "2022-11-29T20:50:32Z",
  "valueString": "Patient reports feeling 'down' but is seeking help."
}
