{
  "resourceType": "Observation",
  "id": "survey-example",
  "status": "final",
  "meta": {
    "profile": ["http://hl7.org/fhir/us/core/StructureDefinition/us-core-observation-screening-assessment"]
  },
  "category": [{
    "coding": [{
      "system": "http://terminology.hl7.org/CodeSystem/observation-category",
      "code": "survey"
    }]
  }],
  "code": {
    "coding": [{
      "system": "http://loinc.org",
      "code": "44250-9"
    }]
  },
  "subject": { "reference": "Patient/example" },
  "effectiveDateTime": "2022-11-29T20:50:32.718000+00:00",
  "valueCodeableConcept": {
    "coding": [{
      "system": "http://loinc.org",
      "code": "LA6570-1",
      "display": "More than half the days"
    }],
    "text": "More than half the days"
  }
}
