{
  "resourceType" : "Observation",
  "id" : "simple-observation-cognitive-status",
  "meta" : {
    "profile" : ["http://hl7.org/fhir/us/core/StructureDefinition/us-core-simple-observation"]
  },
  "text" : {
    "status" : "generated",
    "div" : "<div xmlns=\"http://www.w3.org/1999/xhtml\"><p><b>Generated Narrative: Observation</b><a name=\"simple-observation-cognitive-status\"> </a></p><div style=\"display: inline-block; background-color: #d9e0e7; padding: 6px; margin: 4px; border: 1px solid #8da1b4; border-radius: 5px; line-height: 60%\"><p style=\"margin-bottom: 0px\">Resource Observation &quot;simple-observation-cognitive-status&quot; </p><p style=\"margin-bottom: 0px\">Profile: <a href=\"StructureDefinition-us-core-simple-observation.html\">US Core Simple Observation Profile</a></p></div><p><b>status</b>: final</p><p><b>category</b>: Cognitive Status <span style=\"background: LightGoldenRodYellow; margin: 4px; border: 1px solid khaki\"> (<a href=\"CodeSystem-us-core-category.html\">US Core Category</a>#cognitive-status)</span></p><p><b>code</b>: History of Cognitive Function Narrative <span style=\"background: LightGoldenRodYellow; margin: 4px; border: 1px solid khaki\"> (<a href=\"https://loinc.org/\">LOINC</a>#11332-4)</span></p><p><b>subject</b>: <a href=\"Patient-example.html\">Patient/example</a> &quot; SHAW&quot;</p><p><b>effective</b>: 2022-11-27 19:22:02+0000</p><p><b>performer</b>: <a href=\"Practitioner-practitioner-1.html\">Practitioner/practitioner-1</a> &quot; BONE&quot;</p><p><b>value</b>: Alert and oriented x 3. She is independent in household finances, social and community activities, coherent and appropriate communication. Appropriate attire for location and weather.</p></div>"
  },
  "status" : "final",
  "category" : [{
    "coding" : [{
      "system" : "http://hl7.org/fhir/us/core/CodeSystem/us-core-category",
      "code" : "cognitive-status",
      "display" : "Cognitive Status"
    }]
  }],
  "code" : {
    "coding" : [{
      "system" : "http://loinc.org",
      "code" : "11332-4",
      "display" : "History of Cognitive Function Narrative"
    }]
  },
  "subject" : {
    "reference" : "Patient/example"
  },
  "effectiveDateTime" : "2022-11-27T19:22:02Z",
  "performer" : [{
    "reference" : "Practitioner/practitioner-1"
  }],
  "valueString" : "Alert and oriented x 3. She is independent in household finances, social and community activities, coherent and appropriate communication. Appropriate attire for location and weather."
}