{
  "resourceType" : "Observation",
  "id" : "sexual-orientation-example",
  "meta" : {
    "profile" : ["http://hl7.org/fhir/us/core/StructureDefinition/us-core-observation-sexual-orientation"]
  },
  "text" : {
    "status" : "generated",
    "div" : "<div xmlns=\"http://www.w3.org/1999/xhtml\"><p><b>Generated Narrative: Observation</b><a name=\"sexual-orientation-example\"> </a></p><div style=\"display: inline-block; background-color: #d9e0e7; padding: 6px; margin: 4px; border: 1px solid #8da1b4; border-radius: 5px; line-height: 60%\"><p style=\"margin-bottom: 0px\">Resource Observation &quot;sexual-orientation-example&quot; </p><p style=\"margin-bottom: 0px\">Profile: <a href=\"StructureDefinition-us-core-observation-sexual-orientation.html\">US Core Observation Sexual Orientation Profile</a></p></div><p><b>status</b>: final</p><p><b>category</b>: Social History <span style=\"background: LightGoldenRodYellow; margin: 4px; border: 1px solid khaki\"> (<a href=\"http://terminology.hl7.org/5.0.0/CodeSystem-observation-category.html\">Observation Category Codes</a>#social-history)</span></p><p><b>code</b>: Sexual orientation <span style=\"background: LightGoldenRodYellow; margin: 4px; border: 1px solid khaki\"> (<a href=\"https://loinc.org/\">LOINC</a>#76690-7)</span></p><p><b>subject</b>: <a href=\"Patient-example.html\">Patient/example</a> &quot; SHAW&quot;</p><p><b>effective</b>: 2021-11-11</p><p><b>value</b>: asked but unknown <span style=\"background: LightGoldenRodYellow; margin: 4px; border: 1px solid khaki\"> (<a href=\"http://terminology.hl7.org/5.0.0/CodeSystem-v3-NullFlavor.html\">NullFlavor</a>#ASKU)</span></p></div>"
  },
  "status" : "final",
  "category" : [{
    "coding" : [{
      "system" : "http://terminology.hl7.org/CodeSystem/observation-category",
      "code" : "social-history",
      "display" : "Social History"
    }]
  }],
  "code" : {
    "coding" : [{
      "system" : "http://loinc.org",
      "code" : "76690-7",
      "display" : "Sexual orientation"
    }],
    "text" : "Sexual orientation"
  },
  "subject" : {
    "reference" : "Patient/example"
  },
  "effectiveDateTime" : "2021-11-11",
  "valueCodeableConcept" : {
    "coding" : [{
      "system" : "http://terminology.hl7.org/CodeSystem/v3-NullFlavor",
      "code" : "ASKU",
      "display" : "asked but unknown"
    }],
    "text" : "asked but unknown"
  }
}