{
  "resourceType" : "Patient",
  "id" : "deceased-example",
  "meta" : {
    "profile" : ["http://hl7.org/fhir/us/core/StructureDefinition/us-core-patient"]
  },
  "text" : {
    "status" : "generated",
    "div" : "<div xmlns=\"http://www.w3.org/1999/xhtml\"><p style=\"border: 1px #661aff solid; background-color: #e6e6ff; padding: 10px;\"><b>Mary A. Shaw </b> female, DoB: 1937-10-21 ( Medical Record Number:\u00a055555555\u00a0(use:\u00a0USUAL))</p><hr/><table class=\"grid\"><tr><td style=\"background-color: #f3f5da\" title=\"Record is active\">Active:</td><td>true</td><td style=\"background-color: #f3f5da\" title=\"Known status of Patient\">Deceased:</td><td colspan=\"3\">2022-07-22</td></tr><tr><td style=\"background-color: #f3f5da\" title=\"Ways to contact the Patient\">Contact Details:</td><td colspan=\"3\"><ul><li>ph: 555-555-5555(HOME)</li><li><a href=\"mailto:mary.shaw@example.com\">mary.shaw@example.com</a></li><li>49 Meadow St Mounds OK 74047 US </li></ul></td></tr><tr><td style=\"background-color: #f3f5da\" title=\"Concepts classifying the person into a named category of humans sharing common history, traits, geographical origin or nationality.  The ethnicity codes used to represent these concepts are based upon the [CDC ethnicity and Ethnicity Code Set Version 1.0](http://www.cdc.gov/phin/resources/vocabulary/index.html) which includes over 900 concepts for representing race and ethnicity of which 43 reference ethnicity.  The ethnicity concepts are grouped by and pre-mapped to the 2 OMB ethnicity categories: - Hispanic or Latino - Not Hispanic or Latino.\">US Core Ethnicity Extension:</td><td colspan=\"3\"><ul><li>ombCategory: <a href=\"http://terminology.hl7.org/5.0.0/CodeSystem-CDCREC.html#CDCREC-2186-5\">CDC Race and Ethnicity</a> 2186-5: Not Hispanic or Latino</li><li>text: Not Hispanic or Latino</li></ul></td></tr><tr><td style=\"background-color: #f3f5da\" title=\"Concepts classifying the person into a named category of humans sharing common history, traits, geographical origin or nationality.  The race codes used to represent these concepts are based upon the [CDC Race and Ethnicity Code Set Version 1.0](http://www.cdc.gov/phin/resources/vocabulary/index.html#3) which includes over 900 concepts for representing race and ethnicity of which 921 reference race.  The race concepts are grouped by and pre-mapped to the 5 OMB race categories:\n\n - American Indian or Alaska Native\n - Asian\n - Black or African American\n - Native Hawaiian or Other Pacific Islander\n - White.\">US Core Race Extension:</td><td colspan=\"3\"><ul><li>ombCategory: <a href=\"http://terminology.hl7.org/5.0.0/CodeSystem-CDCREC.html#CDCREC-2106-3\">CDC Race and Ethnicity</a> 2106-3: White</li><li>ombCategory: <a href=\"http://terminology.hl7.org/5.0.0/CodeSystem-CDCREC.html#CDCREC-2028-9\">CDC Race and Ethnicity</a> 2028-9: Asian</li><li>text: Mixed</li></ul></td></tr></table></div>"
  },
  "extension" : [{
    "extension" : [{
      "url" : "ombCategory",
      "valueCoding" : {
        "system" : "urn:oid:2.16.840.1.113883.6.238",
        "code" : "2106-3",
        "display" : "White"
      }
    },
    {
      "url" : "ombCategory",
      "valueCoding" : {
        "system" : "urn:oid:2.16.840.1.113883.6.238",
        "code" : "2028-9",
        "display" : "Asian"
      }
    },
    {
      "url" : "text",
      "valueString" : "Mixed"
    }],
    "url" : "http://hl7.org/fhir/us/core/StructureDefinition/us-core-race"
  },
  {
    "extension" : [{
      "url" : "ombCategory",
      "valueCoding" : {
        "system" : "urn:oid:2.16.840.1.113883.6.238",
        "code" : "2186-5",
        "display" : "Not Hispanic or Latino"
      }
    },
    {
      "url" : "text",
      "valueString" : "Not Hispanic or Latino"
    }],
    "url" : "http://hl7.org/fhir/us/core/StructureDefinition/us-core-ethnicity"
  }],
  "identifier" : [{
    "use" : "usual",
    "type" : {
      "coding" : [{
        "system" : "http://terminology.hl7.org/CodeSystem/v2-0203",
        "code" : "MR",
        "display" : "Medical Record Number"
      }],
      "text" : "Medical Record Number"
    },
    "system" : "http://hospital.smarthealthit.org",
    "value" : "55555555"
  }],
  "active" : true,
  "name" : [{
    "family" : "Shaw",
    "given" : ["Mary",
    "A."]
  }],
  "telecom" : [{
    "system" : "phone",
    "value" : "555-555-5555",
    "use" : "home"
  },
  {
    "system" : "email",
    "value" : "mary.shaw@example.com"
  }],
  "gender" : "female",
  "birthDate" : "1937-10-21",
  "deceasedDateTime" : "2022-07-22",
  "address" : [{
    "line" : ["49 Meadow St"],
    "city" : "Mounds",
    "state" : "OK",
    "postalCode" : "74047",
    "country" : "US",
    "period" : {
      "start" : "2016-12-06"
    }
  }]
}