{
  "resourceType": "QuestionnaireResponse",
  "id": "ms-demo-response",
  "meta" : {
    "profile" : [
      "http://hl7.org/fhir/us/core/StructureDefinition/us-core-questionnaireresponse"
    ]
  },
"identifier": [{
  "system": "urn:your-org:questionnaire-responses", 
  "value": "QR-12345"
}],
  "questionnaire": "http://hl7.org/fhir/us/core/Questionnaire/ms-demo",
  "_questionnaire": {
    "extension": [
      {
        "url": "http://hl7.org/fhir/us/core/StructureDefinition/us-core-extension-questionnaire-uri",
        "valueUri": "https://forms.goodcare.org/fhir/Questionnaire/ms-demo"
      },
      {
        "url": "http://hl7.org/fhir/StructureDefinition/display",
        "valueString": "ms-demo"
      }
    ]
  },
  "status" : "completed",
  "subject": { "reference": "Patient/example" },
  "authored": "2022-03-28T18:30:40-07:00",
"item": [
  {
    "linkId": "/demo",
    "text": "MS demo",
    "item": [
      {
        "linkId": "/demo/free-text",
        "text": "Additional comments",
        "answer": [
          { "valueString": "Patient reports occasional difficulty buying groceries." }
        ]
      },
      {
        "linkId": "/demo/status",
        "text": "Housing status",
        "answer": [
          {
            "valueCoding": { "system": "http://loinc.org", "code": "LA30189-7", "display": "I have housing" },
            "item": [
              {
                "linkId": "/demo/status-detail",
                "text": "Describe living arrangement",
                "answer": [ { "valueString": "Lives with spouse and one child." } ]
              }
            ]
          }
        ]
      }
    ]
  }
]
}
