{
  "resourceType": "QuestionnaireResponse",
  "id": "q-example-complete",
  "meta": {
    "profile": ["http://hl7.org/fhir/us/core/StructureDefinition/us-core-questionnaireresponse"]
  },
  "text": {
    "status": "generated",
    "div": "<div xmlns=\"http://www.w3.org/1999/xhtml\"><p><b>Generated Narrative: QuestionnaireResponse</b><a name=\"example-complete\"> </a></p><div style=\"display: inline-block; background-color: #d9e0e7; padding: 6px; margin: 4px; border: 1px solid #8da1b4; border-radius: 5px; line-height: 60%\"><p style=\"margin-bottom: 0px\">Resource QuestionnaireResponse &quot;example-complete&quot; </p><p style=\"margin-bottom: 0px\">Profile: <a href=\"StructureDefinition-us-core-questionnaireresponse.html\">US Core QuestionnaireResponse Profile</a></p></div><p><b>status</b>: completed</p><p><b>subject</b>: <a href=\"Patient-example.html\">Patient/example: Amy Shaw</a> &quot; SHAW&quot;</p><p><b>authored</b>: 2024-01-15 10:30:00+0000</p></div>"
  },
  "status": "completed",
  "subject": {
    "reference": "Patient/example",
    "display": "Amy Shaw"
  },
  "authored": "2024-01-15T10:30:00Z",
  "author": {
    "reference": "Practitioner/example"
  },
  "item": [
    {
      "linkId": "1",
      "text": "What is your primary concern today?",
      "answer": [
        {
          "valueString": "Chest pain and shortness of breath during physical activity"
        }
      ]
    },
    {
      "linkId": "2",
      "text": "Are you currently experiencing pain?",
      "answer": [
        {
          "valueBoolean": true,
          "item": [
            {
              "linkId": "2.1",
              "text": "Please describe your pain",
              "answer": [
                {
                  "valueString": "Sharp, stabbing pain in the center of my chest"
                }
              ]
            },
            {
              "linkId": "2.2",
              "text": "On a scale of 1-10, rate your pain",
              "answer": [
                {
                  "valueInteger": 7
                }
              ]
            },
            {
              "linkId": "2.3",
              "text": "When did the pain start?",
              "answer": [
                {
                  "valueString": "This morning around 9 AM"
                }
              ]
            }
          ]
        }
      ]
    },
    {
      "linkId": "3",
      "text": "Do you have any chronic medical conditions?",
      "answer": [
        {
          "valueBoolean": true,
          "item": [
            {
              "linkId": "3.1",
              "text": "Which chronic conditions do you have?",
              "answer": [
                {
                  "valueCoding": {
                    "system": "http://snomed.info/sct",
                    "code": "44054006",
                    "display": "Diabetes mellitus type 2"
                  }
                }
              ]
            },
            {
              "linkId": "3.2",
              "text": "When were you diagnosed?",
              "answer": [
                {
                  "valueString": "2019"
                }
              ]
            },
            {
              "linkId": "3.3",
              "text": "Are you taking medications for this condition?",
              "answer": [
                {
                  "valueBoolean": true,
                  "item": [
                    {
                      "linkId": "3.3.1",
                      "text": "List your current medications",
                      "answer": [
                        {
                          "valueString": "Metformin 500mg twice daily"
                        }
                      ]
                    },
                    {
                      "linkId": "3.3.2",
                      "text": "How long have you been on this medication?",
                      "answer": [
                        {
                          "valueString": "Since 2019"
                        }
                      ]
                    }
                  ]
                }
              ]
            }
          ]
        }
      ]
    },
    {
      "linkId": "4",
      "text": "Do you have any allergies?",
      "answer": [
        {
          "valueBoolean": false
        }
      ]
    },
    {
      "linkId": "5",
      "text": "Family history of heart disease?",
      "answer": [
        {
          "valueBoolean": true,
          "item": [
            {
              "linkId": "5.1",
              "text": "Which family member had heart disease?",
              "answer": [
                {
                  "valueString": "Father - had heart attack at age 55"
                }
              ]
            }
          ]
        }
      ]
    },
    {
      "linkId": "6",
      "text": "Additional comments or concerns",
      "answer": [
        {
          "valueString": "I've been feeling more tired than usual lately and sometimes feel dizzy when I stand up quickly."
        }
      ]
    }
  ]
}